Website Name,Product URL,Product Category,Title,Quantity,Ex VAT Price,Inc VAT Price,Currency,Brand,Condition,Product Description,Image Src 1,Image Position 1,Image Src 2,Image Position 2,Image Src 3,Image Position 3,Image Src 4,Image Position 4,Image Src 5,Image Position 5,Image Src 6,Image Position 6,Image Src 7,Image Position 7
soundwall.info,https://www.soundwall.info/produkt/ref-2574-l-acoustics-mtd-112-und-amping-set/,Audio,Ref 2574 L-acoustics MTD 112 und Amping Set,,1750.00,POA,EUR,L-acoustics,guter Zustand,"gebraucht – guter Zustand
2 x L-acoustics MTD 112 Monitore
1 x Amprack mit
1 x L-acoustics MTD112LLC Controller
1 x L-acoustics LA17a Endstufe
4 gleiche Pakete verfügbar
jetzt anfragen
Setpreis",https://www.soundwall.info/wp-content/uploads/2026/09/Ref-2574-L-acoustics-MTD-112-2.jpg,1,https://www.soundwall.info/wp-content/uploads/2026/09/Ref-2574-L-acoustics-MTD-112-1.jpg,2,,3,,4,,5,,6,,7
soundwall.info,https://www.soundwall.info/produkt/ref-2572-jbl-vertec-vt4887a-linearray-set/,Audio,Ref 2572 JBL Vertec VT4887A Linearray Set,,51500.00,POA,EUR,JBL,guter Zustand,"gebraucht, guter Zustand
24 x JBL VT4887A Tops
12 x JBL VT 4881A Subs
02 x JBL 4887 SF – Bumper klein
02 x JBL 4887 AF – Bumper groß
jetzt anfragen
Setpreis",https://www.soundwall.info/wp-content/uploads/2026/09/Ref-2572-JBL-Vertec-VT4887A.jpg,1,,2,,3,,4,,5,,6,,7
soundwall.info,https://www.soundwall.info/produkt/ref-2571-eaw-kf750-sb-1000-pa-set/,Audio,Ref 2571 EAW KF750 – SB 1000 PA Set,,18800.00,POA,EUR,EAW,guter Zustand,"gebraucht – guter Zustand
8 x EAW KF 750 Tops
4 x EAW KF 755 Downfills
8 x EAW SB1000 Subwoofer
2 x Amprack ( je 1 x BSS FDS366 + 4 x MA3600 VZ )
jetzt anfragen
Paketpreis",https://www.soundwall.info/wp-content/uploads/2026/09/Ref-2571-EAW-KF750-SB1000-2.jpg,1,https://www.soundwall.info/wp-content/uploads/2026/09/Ref-2571-EAW-KF750-SB1000-3.jpg,2,https://www.soundwall.info/wp-content/uploads/2026/09/Ref-2571-EAW-KF750-SB1000-1.jpg,3,,4,,5,,6,,7
soundwall.info,https://www.soundwall.info/produkt/ref-2569-db-audio-e15x-subwoofer/,Audio,Ref 2569 D&B Audio E15X Subwoofer,,1580.00,POA,EUR,D&B,guter Zustand,"gebraucht – guter Zustand
100% in Funktion
2 Stk. im Doppelcase
5 Doppelcases verfügbar
jetzt anfragen
Preis / Doppelcase",https://www.soundwall.info/wp-content/uploads/2026/09/Ref-2569-DB-E15X.jpg,1,,2,,3,,4,,5,,6,,7
soundwall.info,https://www.soundwall.info/produkt/ref-2568-procase-mit-4-x-3-he-rack-module/,Audio,Ref 2568 Procase mit 4 x 3 HE Rack Module,,350.00,POA,EUR,Procase,guter Zustand,"gebraucht – guter Zustand
einige Gebrauchspuren
jetzt anfragen
Stückpreis",https://www.soundwall.info/wp-content/uploads/2026/09/Ref-2568-Procase-2.jpg,1,https://www.soundwall.info/wp-content/uploads/2026/09/Ref-2568-Procase-3.jpg,2,https://www.soundwall.info/wp-content/uploads/2026/09/Ref-2568-Procase-1.jpg,3,,4,,5,,6,,7
soundwall.info,https://www.soundwall.info/produkt/ref-2566-toro-case-fuer-47-displays-monitore-fernseher/,AVL Zubehör,Ref 2566 Toro Case für 47 “ Displays – Monitore – Fernseher,,350.00,POA,EUR,Toro,guter Zustand,"gebraucht – guter Zustand
leichte Gebrauchspuren
für alle gängigen 47 “ Monitore – Displays
auf Rollen
2 Stück verfügbar
jetzt anfragen
Stückpreis",https://www.soundwall.info/wp-content/uploads/2026/08/Ref-2566-Toro-Case-2.jpg,1,https://www.soundwall.info/wp-content/uploads/2026/08/Ref-2566-Toro-Case-1.jpg,2,,3,,4,,5,,6,,7
soundwall.info,https://www.soundwall.info/produkt/ref-2563-nexo-ps10-amprack/,Audio,Ref 2563 Nexo PS10 Amprack,,650.00,POA,EUR,Nexo,gebraucht,"gebraucht
100% in Funktion
1 x Nexo PS10TD analog Controller
1 x Crown MA 2400 Endstufe
4 Ampracks verfügbar
jetzt anfragen
Preis / Amprack",https://www.soundwall.info/wp-content/uploads/2026/08/Ref-2563-Nexo-PS10-Amprack-1.jpg,1,https://www.soundwall.info/wp-content/uploads/2026/08/Ref-2563-Nexo-PS10-Amprack-2.jpg,2,,3,,4,,5,,6,,7
soundwall.info,https://www.soundwall.info/produkt/ref-2562-nexo-ps8-amprack/,Audio,Ref 2562 Nexo PS8 Amprack,,580.00,POA,EUR,Nexo,gebraucht,"gebraucht
1 x Nexo PS8 TD Controller
1 x QSC 1.4 Amp oder MA600
2 Ampracks verfügbar
jetzt anfragen
Preis / Amprack",https://www.soundwall.info/wp-content/uploads/2026/08/Ref-2562-Nexo-PS8-Amprack-2.jpg,1,https://www.soundwall.info/wp-content/uploads/2026/08/Ref-2562-Nexo-PS8-Amprack-1.jpg,2,,3,,4,,5,,6,,7
soundwall.info,https://www.soundwall.info/produkt/ref-2561-nexo-ps8-system-amp/,Audio,Ref 2561 Nexo PS8 System Amp,,580.00,POA,EUR,Nexo,gebraucht,"gebraucht
100% in Funktion
im Case
2 Stk. verfügbar
jetzt anfragen
Stückpreis",https://www.soundwall.info/wp-content/uploads/2026/08/Ref-2561-Nexo-PS8-System-Amp.jpg,1,,2,,3,,4,,5,,6,,7
soundwall.info,https://www.soundwall.info/produkt/ref-2560-nexo-ps8-boxen/,Audio,Ref 2560 Nexo PS8 Boxen,,430.00,POA,EUR,Nexo,gebraucht,"gebraucht
100 in Funktion
in Doppel oder Quadcases
10 Stk. verfügbar
jetzt anfragen
Stückpreis",https://www.soundwall.info/wp-content/uploads/2026/08/Ref-2560-Nexo-PS8-Box-2.jpg,1,https://www.soundwall.info/wp-content/uploads/2026/08/Ref-2560-Nexo-PS8-Box-3.jpg,2,https://www.soundwall.info/wp-content/uploads/2026/08/Ref-2560-Nexo-PS8-Box-4.jpg,3,https://www.soundwall.info/wp-content/uploads/2026/08/Ref-2560-Nexo-PS8-Box-1.jpg,4,,5,,6,,7
soundwall.info,https://www.soundwall.info/produkt/ref-2559-nexo-ps15-boxen/,Audio,Ref 2559 Nexo PS15 Boxen,,1500.00,POA,EUR,Nexo,gebraucht,"gebraucht
100% in Funktion
2 Stk. im Doppelcase
5 Doppelcases verfügbar
jetzt anfragen
Preis / Doppelcase",https://www.soundwall.info/wp-content/uploads/2026/08/Ref-2559-Nexo-PS15-Boxen-2.jpg,1,https://www.soundwall.info/wp-content/uploads/2026/08/Ref-2559-Nexo-PS15-Boxen-3.jpg,2,https://www.soundwall.info/wp-content/uploads/2026/08/Ref-2559-Nexo-PS15-Boxen-1.jpg,3,,4,,5,,6,,7
soundwall.info,https://www.soundwall.info/produkt/ref-2558-nexo-ps10-boxen/,Audio,Ref 2558 Nexo PS10 Boxen,,1100.00,POA,EUR,Nexo,gebraucht,"gebraucht
100% in Funktion
2 Stk. im Doppelcase
5 Doppelcases verfügbar
jetzt anfragen
Preis / Doppelcase",https://www.soundwall.info/wp-content/uploads/2026/08/Ref-2558-Nexo-PS10-Boxen-2.jpg,1,https://www.soundwall.info/wp-content/uploads/2026/08/Ref-2558-Nexo-PS10-Boxen-3.jpg,2,https://www.soundwall.info/wp-content/uploads/2026/08/Ref-2558-Nexo-PS10-Boxen-1.jpg,3,,4,,5,,6,,7
soundwall.info,https://www.soundwall.info/produkt/ref-2542-martin-audio-w8lm-linearray-set/,Audio,Ref 2542 Martin Audio W8LM Linearray Set,,31000.00,POA,EUR,Martin,guter Zustand,"gebraucht, guter Zustand
16 x Martin Audio W8LM Tops in Quadcases
04 x Martin Audio W8LMD Tops in Doppelcases
04 x Martin Audio WMX Flug Subs mit Softcovers
04 x Martin Audio Flugrahmen ASF20001 mit ASF20002 lifting bar im Case
02 X Martin Audio ASF20018 Leicht Flugrahmen ohne Case
08 x HAM09002 W8LM Stacking Rod
04 x ASF20013 W8LMD Stacking Rod
02 x HAM09012 W8LMD Doppel Ständerflansch
jetzt anfragen
Setpreis",https://www.soundwall.info/wp-content/uploads/2026/07/Ref-2542-Martin-Audio-W8LM-2.jpg,1,https://www.soundwall.info/wp-content/uploads/2026/07/Ref-2542-Martin-Audio-W8LM-3.jpg,2,https://www.soundwall.info/wp-content/uploads/2026/07/Ref-2542-Martin-Audio-W8LM-4.jpg,3,https://www.soundwall.info/wp-content/uploads/2026/07/Ref-2542-Martin-Audio-W8LM-5.jpg,4,https://www.soundwall.info/wp-content/uploads/2026/07/Ref-2542-Martin-Audio-W8LM-1.jpg,5,,6,,7
soundwall.info,https://www.soundwall.info/produkt/ref-2541-proel-edge-sp121-subwoofer/,Audio,Ref 2541 Proel Edge SP121 Subwoofer,,800.00,POA,EUR,Proel,guter Zustand,"gebraucht, guter Zustand
1 x 21″
800 Watt AES / 1600 Watt Programm
SPL max 130 db
64 kg
jetzt anfragen
Stückpreis",https://www.soundwall.info/wp-content/uploads/2026/07/Ref-2541-Proel-Edge-SP121-Sub-2.jpg,1,https://www.soundwall.info/wp-content/uploads/2026/07/Ref-2541-Proel-Edge-SP121-Sub-3.jpg,2,https://www.soundwall.info/wp-content/uploads/2026/07/Ref-2541-Proel-Edge-SP121-Sub-1.jpg,3,,4,,5,,6,,7
soundwall.info,https://www.soundwall.info/produkt/ref-2537-l-acoustics-115xt-hiq-monitore/,Audio,Ref 2537 L-acoustics 115XT-HiQ Monitore,,2200.00,POA,EUR,L-acoustics,guter Zustand,"gebraucht – guter Zustand
2 Stk. im Doppelcase
100% in Funktion
9 Cases verfügbar
jetzt anfragen
Preis per Doppelcase",https://www.soundwall.info/wp-content/uploads/2026/07/Ref-2537-L-acoustics-115XT-HiQ-monitor-2.jpg,1,https://www.soundwall.info/wp-content/uploads/2026/07/Ref-2537-L-acoustics-115XT-HiQ-monitor-3.jpg,2,https://www.soundwall.info/wp-content/uploads/2026/07/Ref-2537-L-acoustics-115XT-HiQ-monitor-1.jpg,3,,4,,5,,6,,7
soundwall.info,https://www.soundwall.info/produkt/ref-2535-soundcraft-si-expression-2-digital-mischpult/,Audio,Ref 2535 Soundcraft SI Expression 2 – digital Mischpult,,780.00,POA,EUR,Soundcraft,100% in Funktion,"gebraucht – 100% in Funktion
aus Bandauflösung
24 Mono + 4 Line in
20 Aux / Subgruppen Busse
AES In / out
mit Case
jetzt anfragen
Stückpreis",https://www.soundwall.info/wp-content/uploads/2026/07/Ref-2535-Soundcraft-SI-Expression-2-desk-2.jpg,1,https://www.soundwall.info/wp-content/uploads/2026/07/Ref-2535-Soundcraft-SI-Expression-2-desk-1.jpg,2,,3,,4,,5,,6,,7
soundwall.info,https://www.soundwall.info/produkt/ref-2533-seeburg-acoustic-line-a6-box/,Audio,Ref 2533 Seeburg Acoustic Line A6 Box,,599.00,POA,EUR,Seeburg,in perfektem Zustand,"gebraucht, in perfektem Zustand
aus Festinstallation
100% in Funktion
neuer Frontschaum
6 Stk. verfügbar
jetzt anfragen
Stückpreis",https://www.soundwall.info/wp-content/uploads/2026/07/Ref-2533-Seeburg-Acoustic-Line-A6-box-2.jpg,1,https://www.soundwall.info/wp-content/uploads/2026/07/Ref-2533-Seeburg-Acoustic-Line-A6-box-1.jpg,2,https://www.soundwall.info/wp-content/uploads/2026/07/Ref-2533-Seeburg-Acoustic-Line-A6-box-3.jpg,3,,4,,5,,6,,7
soundwall.info,https://www.soundwall.info/produkt/ref-2529-martin-audio-s218-blackline-subwoofer/,Audio,Ref 2529 Martin Audio S218 Blackline Subwoofer,,2200.00,POA,EUR,Martin,sehr guter Zustand,"gebraucht, sehr guter Zustand
100% in Funktion
2 x 18″
auf Bluewheels
Verkauf nur als Paket (2 Stk.)
jetzt anfragen
Paketpreis",https://www.soundwall.info/wp-content/uploads/2026/07/Ref-2529-Martin-Audio-S218-Blackline-Sub-2.jpg,1,https://www.soundwall.info/wp-content/uploads/2026/07/Ref-2529-Martin-Audio-S218-Blackline-Sub-3.jpg,2,https://www.soundwall.info/wp-content/uploads/2026/07/Ref-2529-Martin-Audio-S218-Blackline-Sub-1.jpg,3,https://www.soundwall.info/wp-content/uploads/2026/07/Ref-2529-Martin-Audio-S218-Blackline-Sub-4.jpg,4,https://www.soundwall.info/wp-content/uploads/2026/07/Ref-2529-Martin-Audio-S218-Blackline-Sub-5.jpg,5,,6,,7
soundwall.info,https://www.soundwall.info/produkt/ref-2528-tw-audio-b17i-installations-subwoofer/,Audio,Ref 2528 TW Audio B17i Installations Subwoofer,,1100.00,POA,EUR,TW,sehr guter Zustand,"sehr guter Zustand
Bj. 2023
1 x 18″ – 8 Ohm
Power Programm 2400 Watt / Paek 4800 Watt
SPL 1W / 1m – 96 db
SPL MAx 132 db
500 × 600 × 600 mm
34 kg
jetzt anfragen
Stückpreis",https://www.soundwall.info/wp-content/uploads/2026/07/Ref-2528-TW-Audio-B17i-Sub-2.jpg,1,https://www.soundwall.info/wp-content/uploads/2026/07/Ref-2528-TW-Audio-B17i-Sub-3.jpg,2,https://www.soundwall.info/wp-content/uploads/2026/07/Ref-2528-TW-Audio-B17i-Sub-1.jpg,3,,4,,5,,6,,7
soundwall.info,https://www.soundwall.info/produkt/ref-2524-nexo-ps15-speaker/,Audio,Ref 2524 Nexo PS15 Speaker,,1400.00,POA,EUR,Nexo,guter Zustand – neu lackiert,"gebraucht, guter Zustand – neu lackiert
neuer Frontschaum
getested
2 Stk. im Doppelcase
jetzt anfragen
Preis / Doppelcase",https://www.soundwall.info/wp-content/uploads/2026/06/Ref-2524-Nexo-PS15-Tops-2.jpg,1,https://www.soundwall.info/wp-content/uploads/2026/06/Ref-2524-Nexo-PS15-Tops-1.jpg,2,,3,,4,,5,,6,,7
soundwall.info,https://www.soundwall.info/produkt/ref-2517-midas-dl153-digital-stagebox/,Audio,Ref 2517 Midas DL153 digital Stagebox,,1200.00,POA,EUR,Midas,sehr guter Zustand,"gebraucht, sehr guter Zustand
ohne Case
jetzt anfragen
Stückpreis",https://www.soundwall.info/wp-content/uploads/2026/06/Ref-2517-Midas-DL153-Stagebox-2.jpg,1,https://www.soundwall.info/wp-content/uploads/2026/06/Ref-2517-Midas-DL153-Stagebox-1.jpg,2,,3,,4,,5,,6,,7
soundwall.info,https://www.soundwall.info/produkt/ref-2516-midas-pro-1-mischpult/,Audio,Ref 2516 Midas Pro 1 Mischpult,,2200.00,POA,EUR,Midas,in sehr gutem Zustand,"gebraucht, in sehr gutem Zustand
im Case mit Dockhouse
jetzt anfragen
Stückpreis",https://www.soundwall.info/wp-content/uploads/2026/06/Ref-2516-Midas-Pro1-mixer-2.jpg,1,https://www.soundwall.info/wp-content/uploads/2026/06/Ref-2516-Midas-Pro1-mixer-3.jpg,2,https://www.soundwall.info/wp-content/uploads/2026/06/Ref-2516-Midas-Pro1-mixer-4.jpg,3,https://www.soundwall.info/wp-content/uploads/2026/06/Ref-2516-Midas-Pro1-mixer-1.jpg,4,,5,,6,,7
soundwall.info,https://www.soundwall.info/produkt/ref-2515-db-audiotechnik-e12-paket/,Audio,Ref 2515 D&B Audiotechnik E12 Paket,,4200.00,POA,EUR,D&B,guter Zustand,"gebraucht, guter Zustand
2 x E12 Speaker
NL Anschlüsse
2 x Schwenkneiger
1 x Doppelcase
mehrere Doppelcases verfügbar
jetzt anfragen
Preis / Doppelcase",https://www.soundwall.info/wp-content/uploads/2026/06/Ref-2515-DB-E12-Speaker-2.jpg,1,https://www.soundwall.info/wp-content/uploads/2026/06/Ref-2515-DB-E12-Speaker-1.jpg,2,,3,,4,,5,,6,,7
soundwall.info,https://www.soundwall.info/produkt/ref-2514-db-audiotechnik-b6-subwoofer/,Audio,Ref 2514 D&B Audiotechnik B6 Subwoofer,,3300.00,POA,EUR,D&B,guter Zustand,"gebraucht, guter Zustand
NL Anschlüsse
mit Schutzdeckel
8 Stk. verfügbar
jetzt anfragen
Stückpreis",https://www.soundwall.info/wp-content/uploads/2026/06/Ref-2514-DB-B6-Subwoofer-2.jpg,1,https://www.soundwall.info/wp-content/uploads/2026/06/Ref-2514-DB-B6-Subwoofer-3.jpg,2,https://www.soundwall.info/wp-content/uploads/2026/06/Ref-2514-DB-B6-Subwoofer-1.jpg,3,,4,,5,,6,,7
soundwall.info,https://www.soundwall.info/produkt/ref-2513-db-audiotechnik-y12-tops/,Audio,Ref 2513 D&B Audiotechnik Y12 Tops,,6600.00,POA,EUR,D&B,in gutem Zustand,"gebraucht, in gutem Zustand
2 x Y12 Tops
1 x Doppelcase
NL Anschlüsse
10 Doppelcases verfügbar
jetzt anfragen
Preis per Doppelcase",https://www.soundwall.info/wp-content/uploads/2026/06/Ref-2513-DB-Y12-Tops-2.jpg,1,https://www.soundwall.info/wp-content/uploads/2026/06/Ref-2513-DB-Y12-Tops-3.jpg,2,https://www.soundwall.info/wp-content/uploads/2026/06/Ref-2513-DB-Y12-Tops-4.jpg,3,https://www.soundwall.info/wp-content/uploads/2026/06/Ref-2513-DB-Y12-Tops-5.jpg,4,https://www.soundwall.info/wp-content/uploads/2026/06/Ref-2513-DB-Y12-Tops-1.jpg,5,,6,,7
soundwall.info,https://www.soundwall.info/produkt/ref-2509-yamaha-ql1-digital-mischpult/,Audio,Ref 2509 Yamaha QL1 digital Mischpult,,3700.00,POA,EUR,Yamaha,guter Zustand,"gebraucht, guter Zustand
checked 100% ok
im Amptown Case mit Dockhouse und Rollen
mit Pultleuchte und Stromverteiler
jetzt anfragen
Stückpreis",https://www.soundwall.info/wp-content/uploads/2026/05/Ref-2509-Yamaha-QL1-4.jpg,1,https://www.soundwall.info/wp-content/uploads/2026/05/Ref-2509-Yamaha-QL1-5.jpg,2,https://www.soundwall.info/wp-content/uploads/2026/05/Ref-2509-Yamaha-QL1-3.jpg,3,,4,,5,,6,,7
soundwall.info,https://www.soundwall.info/produkt/ref-2508-l-acoustics-k3-linearray-set/,Audio,Ref 2508 L-acoustics K3 Linearray Set,,139000.00,POA,EUR,L-acoustics,sehr guter Zustand,"gebraucht – sehr guter Zustand
20 x L-acoustics K3 Tops
04 x K3 trolley, 04 x K3 trolley Cover
02 x K3 bump
02 x K3 bar
02 x Kara down cased
02 x K3 Tilt mounts
jetzt anfragen
Paketpreis",https://www.soundwall.info/wp-content/uploads/2026/04/Ref-2508-L-acoustics-K3-Set-2.jpg,1,https://www.soundwall.info/wp-content/uploads/2026/04/Ref-2508-L-acoustics-K3-Set-3.jpg,2,https://www.soundwall.info/wp-content/uploads/2026/04/Ref-2508-L-acoustics-K3-Set-4.jpg,3,https://www.soundwall.info/wp-content/uploads/2026/04/Ref-2508-L-acoustics-K3-Set-5.jpg,4,https://www.soundwall.info/wp-content/uploads/2026/04/Ref-2508-L-acoustics-K3-Set-1.jpg,5,,6,,7
soundwall.info,https://www.soundwall.info/produkt/ref-2507-meyer-sound-m3d-linearray-set/,Audio,Ref 2507 Meyer Sound M3D Linearray Set,,17000.00,POA,EUR,Meyer,sehr guter Zustand,"gebraucht – sehr guter Zustand
aus Festinstallation
10 x Meyer Sound M3D Tops
02 x Flugrahmen
einige Ersatzteile
jetzt anfragen
Setpreis",https://www.soundwall.info/wp-content/uploads/2026/03/Ref-2507-Meyer-Sound-M3D-Set-2.jpg,1,https://www.soundwall.info/wp-content/uploads/2026/03/Ref-2507-Meyer-Sound-M3D-Set-1.jpg,2,,3,,4,,5,,6,,7
soundwall.info,https://www.soundwall.info/produkt/ref-2506-meyer-sound-msl-4-top/,Audio,Ref 2506 Meyer Sound MSL-4 Top,,1350.00,POA,EUR,Meyer,guter Zustand,"gebraucht, guter Zustand
lackierte Version
mit Flugrahmen und Transportdolly je Box
mit jeweils zwei Boxen kommt ein Front und Back Flugverbinder
Kugelbolzen und ein Y . Powerkabel
4 Stk. verfügbar
jetzt anfragen
Stückpreis
 ",https://www.soundwall.info/wp-content/uploads/2026/03/Ref-2506-Meyer-Sound-MSL-4-Tops-2.jpg,1,https://www.soundwall.info/wp-content/uploads/2026/03/Ref-2506-Meyer-Sound-MSL-4-Tops-3.jpg,2,https://www.soundwall.info/wp-content/uploads/2026/03/Ref-2506-Meyer-Sound-MSL-4-Tops-4.jpg,3,https://www.soundwall.info/wp-content/uploads/2026/03/Ref-2506-Meyer-Sound-MSL-4-Tops-1.jpg,4,,5,,6,,7
soundwall.info,https://www.soundwall.info/produkt/ref-2505-l-acoustics-arcs-wifo-und-sb-18m-paket/,Audio,Ref 2505 L-acoustics ARCS Wifo und SB 18M Paket,,29000.00,POA,EUR,L-acoustics,guter Zustand,"gebraucht – guter Zustand
100% in Function
4 x L-acoustics ARCS Wide in Doppelcases
4 x L-acoustics ARCS Focus in Doppelcases
2 x WifoBar
2 x WifoBump
8 x L-acoustics SB18M Subwoofer mit Softcover
es ist auch möglich nur die Tops oder die Bässe zu kaufen
jetzt anfragen
Paketpreis",https://www.soundwall.info/wp-content/uploads/2026/03/Ref-2505-L-acoustics-ARCS-Wifo-SB18M-2.jpg,1,https://www.soundwall.info/wp-content/uploads/2026/03/Ref-2505-L-acoustics-ARCS-Wifo-SB18M-3.jpg,2,https://www.soundwall.info/wp-content/uploads/2026/03/Ref-2505-L-acoustics-ARCS-Wifo-SB18M-1.jpg,3,,4,,5,,6,,7
soundwall.info,https://www.soundwall.info/produkt/ref-2502-martin-audio-mla-mini-system/,Audio,Ref 2502 Martin Audio MLA Mini System,,48000.00,POA,EUR,Martin,sehr guter Zustand,"gebraucht, sehr guter Zustand
16 x Martin Audio MLA Mini Linearray Tops
01 x Flug Set mit 2 Flugrahmen und Inclinometer, Case und Zubehör (ASF17026)
04 x MLA Mini Stativadapter  (ASF20059)
04 x Kurbelstative (HAM09224)
08 x MLA Mini Speaker Kabel – 2xNL8 to 4xNL4 (ASF12031)
04 x MLA Mini Quad Case
02 x MLA Mini Hardware Case
04 x UNet auf RJ45 Adapterkabel(PCX00043)
04 x Martin Audio MSX Subwoofer
04 x MSX Rollbrett und Transportcover (ASF17025)
04 x MSX Ground-Stack Grundplatte (ASF20062)
04 x MSX Regenschutz (ASF15027)
08 x Martin Audio CSX-Live 218 Subwoofer
08 x CSX218 Transportcover
08 x CSX218 Regenschutz
12 x PowerCon Kabel
jetzt anfragen
Paketpreis",https://www.soundwall.info/wp-content/uploads/2026/03/Ref-2502-Martin-Audio-MLA-Mini-2.jpg,1,https://www.soundwall.info/wp-content/uploads/2026/03/Ref-2502-Martin-Audio-MLA-Mini-1.jpg,2,,3,,4,,5,,6,,7
soundwall.info,https://www.soundwall.info/produkt/2500-sennheiser-6000-paket/,Audio,Ref 2500 Sennheiser 6000 Paket,,26000.00,POA,EUR,Sennheiser,gebraucht,"gebraucht
04 x Sennheiser EM6000 Doppelempfänger
01 x Sennheiser EK6042 Kameraempfänger
08 x Sennheiser SK 6000 Bodypacks
10 x Sennheiser BA61 Akkus für SK6000
08 x Sennheiser SKM 6000 Handsender
08 x Sennheiser BA60 Akkus für SKM6000
02 x Sennheiser L6000 Lader
Mikros für SKM 6000
04 x Sennheiser 935
04 x Sennheiser 965
02 x Neumann 105
02 x SE Electronics V7
02 x DPA
jetzt anfragen
Paketpreis",https://www.soundwall.info/wp-content/uploads/2026/02/Ref-2500-Sennheiser-6000.jpg,1,,2,,3,,4,,5,,6,,7
soundwall.info,https://www.soundwall.info/produkt/ref-2495-jbl-vtx-a8-linearray-set/,Audio,Ref 2495 JBL VTX A8 Linearray Set,,55500.00,POA,EUR,JBL,16 x JBL VTX A8 Linerray Tops ( mehr Tops verfügbar),"16 x JBL VTX A8 Linerray Tops ( mehr Tops verfügbar)
02 x Flugrahmen
gebraucht, guter Zustand
Crown Amping auf Anfrage
jetzt anfragen
Paketpreis",https://www.soundwall.info/wp-content/uploads/2026/02/Ref-2495-JBL-VTX-A8.jpg,1,,2,,3,,4,,5,,6,,7
soundwall.info,https://www.soundwall.info/produkt/ref-2489-midas-pro2c-digital-mischpult/,Audio,Ref 2489 Midas Pro2C digital Mischpult,,3490.00,POA,EUR,Midas,sehr guter Zustand,"gebraucht – sehr guter Zustand
Funktionsgarantie
Case
2 Stk. verfügbar
jetzt anfragen
Stückpreis",https://www.soundwall.info/wp-content/uploads/2026/01/Ref-2489-Midas-Pro2C-Mixer-2.jpg,1,https://www.soundwall.info/wp-content/uploads/2026/01/Ref-2489-Midas-Pro2C-Mixer-3.jpg,2,https://www.soundwall.info/wp-content/uploads/2026/01/Ref-2489-Midas-Pro2C-Mixer-4.jpg,3,https://www.soundwall.info/wp-content/uploads/2026/01/Ref-2489-Midas-Pro2C-Mixer-5.jpg,4,,5,,6,,7
soundwall.info,https://www.soundwall.info/produkt/ref-2487-db-audiotechnik-d12-touring-rack/,Audio,Ref 2487 D&B Audiotechnik D12 Touring Rack,,5500.00,POA,EUR,D&B,gebraucht,"gebraucht
1 x Input Panel
3 x D12 Amps
1 x Powerdistro
1 x Outpanel mit EP5 auf NL
2 gleiche Racks verfügbar
jetzt anfragen
Preis je Rack",https://www.soundwall.info/wp-content/uploads/2026/01/Ref-2487-DB-D12-Touring-Rack-2.jpg,1,https://www.soundwall.info/wp-content/uploads/2026/01/Ref-2487-DB-D12-Touring-Rack-1.jpg,2,,3,,4,,5,,6,,7
soundwall.info,https://www.soundwall.info/produkt/ref-2485-allen-heath-gld-80-chrome-digital-mischpult/,Audio,Ref 2485 Allen & Heath GLD 80 Chrome – digital Mischpult,,990.00,POA,EUR,Allen,guter Zustand,"gebraucht, guter Zustand
gereinigt und geprüft
mit Pultleuchte und Stromverteiler
im Amptown Case mit Dockhouse
jetzt anfragen
Setpreis",https://www.soundwall.info/wp-content/uploads/2026/01/Ref-2485-AH-GLD80-chrome-Mixer-5.jpg,1,https://www.soundwall.info/wp-content/uploads/2026/01/Ref-2485-AH-GLD80-chrome-Mixer-6.jpg,2,https://www.soundwall.info/wp-content/uploads/2026/01/Ref-2485-AH-GLD80-chrome-Mixer-4.jpg,3,,4,,5,,6,,7
soundwall.info,https://www.soundwall.info/produkt/ref-2472-nexo-rs15-subwoofer/,Audio,Ref 2472 Nexo RS15 Subwoofer,,1450.00,POA,EUR,Nexo,guter Zustand,"gebraucht – guter Zustand
auf 3er Dollies
Filz Version
100% in Funktion
6 Stk. verfügbar
jetzt anfragen
Stückpreis",https://www.soundwall.info/wp-content/uploads/2025/10/Ref-2472-Nexo-RS15-Sub-2.jpg,1,https://www.soundwall.info/wp-content/uploads/2025/10/Ref-2472-Nexo-RS15-Sub-1.jpg,2,,3,,4,,5,,6,,7
soundwall.info,https://www.soundwall.info/produkt/ref-2461-electro-voice-rx-115-75-paket-mit-endstufe/,Audio,Ref 2461 Electro Voice RX 115/75 Box,,550.00,POA,EUR,Electro,EV RX115 / 75 Box,"EV RX115 / 75 Box
in Top Zustand
komplett überholt
8 Boxen verfügbar
jetzt anfragen
Stückpreis",https://www.soundwall.info/wp-content/uploads/2025/08/Ref-2461-EV-RX-115-75-set-8.jpg,1,https://www.soundwall.info/wp-content/uploads/2025/08/Ref-2461-EV-RX-115-75-set-9.jpg,2,https://www.soundwall.info/wp-content/uploads/2025/08/Ref-2461-EV-RX-115-75-set-7.jpg,3,,4,,5,,6,,7
soundwall.info,https://www.soundwall.info/produkt/ref-2456-nexo-45n-12-monitor-system/,Audio,Ref 2456 Nexo 45N-12 Monitor System,,22200.00,POA,EUR,Nexo,sehr guter Zustand,"gebraucht – sehr guter Zustand
08 x Nexo 45N-12 Monitor
04 x Doppelcase
01 x Nexo Nuar Amprack
jetzt anfragen
Paketpreis",https://www.soundwall.info/wp-content/uploads/2025/08/Ref-2456-Nexo-45N-12-Monitor-System-2.jpg,1,https://www.soundwall.info/wp-content/uploads/2025/08/Ref-2456-Nexo-45N-12-Monitor-System-1.jpg,2,,3,,4,,5,,6,,7
soundwall.info,https://www.soundwall.info/produkt/ref-2449-ev-xlc-127-dvx-set/,Audio,Ref 2449 EV XLC 127 DVX Set,,9300.00,POA,EUR,EV,6 x EV XLC 127 DVX Tops,"6 x EV XLC 127 DVX Tops
2 x Cases
wie neu
kaum verwendet
jetzt anfragen
Setpreis",https://www.soundwall.info/wp-content/uploads/2025/08/Ref-2449-EV-XLC-127-DVX-Set-2.jpg,1,https://www.soundwall.info/wp-content/uploads/2025/08/Ref-2449-EV-XLC-127-DVX-Set-1.jpg,2,,3,,4,,5,,6,,7
soundwall.info,https://www.soundwall.info/produkt/ref-2449-ev-xlc-907-dvx-set/,Audio,Ref 2449 EV XLC 907 DVX Set,,9300.00,POA,EUR,EV,6 x EV XLC 907 DVX Tops,"6 x EV XLC 907 DVX Tops
2 x Cases
wie neu
kaum verwendet
2 Sets verfügbar
jetzt anfragen
Setpreis",https://www.soundwall.info/wp-content/uploads/2025/08/Ref-2449-EV-XLC-127-DVX-Set-2.jpg,1,https://www.soundwall.info/wp-content/uploads/2025/08/Ref-2449-EV-XLC-127-DVX-Set-1.jpg,2,,3,,4,,5,,6,,7
soundwall.info,https://www.soundwall.info/produkt/ref-2445-martin-audio-le400-monitor-set/,Audio,Ref 2445 Martin Audio LE400 Monitor Set,,700.00,POA,EUR,Martin,guter Zustand,"gebraucht – guter Zustand
100% in Funktion
2 x Martin Audio LE400 Monitore
1 x Doppelcase
3 Sets verfügbar
jetzt anfragen
Setpreis",https://www.soundwall.info/wp-content/uploads/2025/07/Ref-2445-Martin-Audio-LE400-Monitor-Set-7.jpg,1,https://www.soundwall.info/wp-content/uploads/2025/07/Ref-2445-Martin-Audio-LE400-Monitor-Set-8.jpg,2,https://www.soundwall.info/wp-content/uploads/2025/07/Ref-2445-Martin-Audio-LE400-Monitor-Set-9.jpg,3,https://www.soundwall.info/wp-content/uploads/2025/07/Ref-2445-Martin-Audio-LE400-Monitor-Set-6.jpg,4,,5,,6,,7
soundwall.info,https://www.soundwall.info/produkt/ref-2444-allen-heath-i-live-t112-digital-mischpult-set/,Audio,Ref 2444 Allen & Heath I-Live T112 digital Mischpult Set,,2500.00,POA,EUR,Allen,guter Zustand,"gebraucht – guter Zustand
getested,  100% in Funktion
A&H I-Live T112 Console im Case
A&H IDR 48 – Stagebox ohne Case
jetzt anfragen
Setpreis",https://www.soundwall.info/wp-content/uploads/2025/07/Ref-2444-AH-I-Live-T112-Set-2.jpg,1,https://www.soundwall.info/wp-content/uploads/2025/07/Ref-2444-AH-I-Live-T112-Set-3.jpg,2,https://www.soundwall.info/wp-content/uploads/2025/07/Ref-2444-AH-I-Live-T112-Set-4.jpg,3,https://www.soundwall.info/wp-content/uploads/2025/07/Ref-2444-AH-I-Live-T112-Set-1.jpg,4,,5,,6,,7
soundwall.info,https://www.soundwall.info/produkt/ref-2443-yamaha-cl5-digital-mischpult/,Audio,Ref 2443 Yamaha CL5 digital Mischpult,,11990.00,POA,EUR,Yamaha,guter Zustand,"gebraucht – guter Zustand
Yamaha CL5 Mischpult
Softcover und Case
jetzt anfragen
Stückpreis",https://www.soundwall.info/wp-content/uploads/2025/07/Ref-2443-Yamaha-CL5-Mixer-2.jpg,1,https://www.soundwall.info/wp-content/uploads/2025/07/Ref-2443-Yamaha-CL5-Mixer-3.jpg,2,https://www.soundwall.info/wp-content/uploads/2025/07/Ref-2443-Yamaha-CL5-Mixer-1.jpg,3,,4,,5,,6,,7
soundwall.info,https://www.soundwall.info/produkt/ref-2438-allen-heath-d-live-s5000-digital-mischpult-set/,Audio,Ref 2438 Allen & Heath d-live S5000 digital Mischpult Set,,29990.00,POA,EUR,Allen,neuwertiges Demo Gerät Bj. 2023,"neuwertiges Demo Gerät Bj. 2023
Allen & Heath S5000 Pult
cased
Allen & Heath DM32 Stagebox
cased
Funktionsgarantie
jetzt anfragen
Setpreis",https://www.soundwall.info/wp-content/uploads/2025/06/Ref-2438-AH-d-live-S5000-Set-2.jpg,1,https://www.soundwall.info/wp-content/uploads/2025/06/Ref-2438-AH-d-live-S5000-Set-1.jpg,2,,3,,4,,5,,6,,7
soundwall.info,https://www.soundwall.info/produkt/ref-2422-allen-heath-qu-16-chrome-digital-mischpult/,Audio,Ref 2422 Allen & Heath QU 16 Chrome digital Mischpult,,1250.00,POA,EUR,Allen,wie neu,"wie neu
kaum verwendet
Case
2 Stk. verfügbar
jetzt anfragen
Stückpreis
 ",https://www.soundwall.info/wp-content/uploads/2025/06/Ref-2422-AH-QU-16-Chrome-digital-Mixer-2.jpg,1,https://www.soundwall.info/wp-content/uploads/2025/06/Ref-2422-AH-QU-16-Chrome-digital-Mixer-3.jpg,2,https://www.soundwall.info/wp-content/uploads/2025/06/Ref-2422-AH-QU-16-Chrome-digital-Mixer-4.jpg,3,https://www.soundwall.info/wp-content/uploads/2025/06/Ref-2422-AH-QU-16-Chrome-digital-Mixer-1.jpg,4,,5,,6,,7
soundwall.info,https://www.soundwall.info/produkt/ref-2421-jbl-vtx-s28-subwoofer-paket/,Audio,Ref 2421 JBL VTX S28 Subwoofer Paket,,25500.00,POA,EUR,JBL,guter Zustand," gebraucht – guter Zustand
12 x JBL VTX S28 Subwoofer
12 x Rollbrett
12 x Softcover
jetzt anfragen
Paketpreis",https://www.soundwall.info/wp-content/uploads/2025/06/Ref-2421-JBL-VTX-S28-Subwoofer-2.jpg,1,https://www.soundwall.info/wp-content/uploads/2025/06/Ref-2421-JBL-VTX-S28-Subwoofer-3.jpg,2,https://www.soundwall.info/wp-content/uploads/2025/06/Ref-2421-JBL-VTX-S28-Subwoofer-4.jpg,3,https://www.soundwall.info/wp-content/uploads/2025/06/Ref-2421-JBL-VTX-S28-Subwoofer-1.jpg,4,,5,,6,,7
soundwall.info,https://www.soundwall.info/produkt/ref-2419-db-audiotechnik-j8-oder-j12-tops/,Audio,Ref 2419 D&B Audiotechnik J8 oder J12 Tops,,4600.00,POA,EUR,D&B,guter Zustand,"gebraucht – guter Zustand
Bj. von 2008 bis 2012
NL oder EP5 Anschlüsse
je 4 Tops auf einem Dolly
komplettes Service
mit Funktionsgarantie
es ist eine größere Stückzahl verfügbar
jetzt anfragen
Stückpreis",https://www.soundwall.info/wp-content/uploads/2025/05/Ref-2419-DB-J8-or-J12-Tops-2.jpg,1,https://www.soundwall.info/wp-content/uploads/2025/05/Ref-2419-DB-J8-or-J12-Tops-3.jpg,2,https://www.soundwall.info/wp-content/uploads/2025/05/Ref-2419-DB-J8-or-J12-Tops-1.jpg,3,,4,,5,,6,,7
soundwall.info,https://www.soundwall.info/produkt/ref-2418-db-audiotechnik-d20-endstufe/,Audio,Ref 2418 D&B Audiotechnik D20 Endstufe,,3600.00,POA,EUR,D&B,sehr guter Zustand,"gebraucht – sehr guter Zustand
gereinigt & geprüft
NL4 Anschlüsse
mit Funktionsgarantie
12 Stk. verfügbar
jetzt anfragen
Stückpreis",https://www.soundwall.info/wp-content/uploads/2025/05/Ref-2418-DB-D20-Amp.png,1,,2,,3,,4,,5,,6,,7
soundwall.info,https://www.soundwall.info/produkt/ref-2413-digico-sd8-digital-mischpult/,Audio,Ref 2413 Digico SD8 digital Mischpult,,9990.00,POA,EUR,Digico,sehr guter Zustand,"gebraucht, sehr guter Zustand
Digico SD8 Mischpult
Core 2
Case, Littlelights
jetzt anfragen
Stückpreis",https://www.soundwall.info/wp-content/uploads/2025/04/Ref-2413-Digico-SD8-2.jpg,1,https://www.soundwall.info/wp-content/uploads/2025/04/Ref-2413-Digico-SD8-3.jpg,2,https://www.soundwall.info/wp-content/uploads/2025/04/Ref-2413-Digico-SD8-1.jpg,3,,4,,5,,6,,7
soundwall.info,https://www.soundwall.info/produkt/ref-2408-db-audio-j-infra-subwoofer/,Audio,Ref 2408 D&B Audio J Infra Subwoofer,,4600.00,POA,EUR,D&B,gebraucht,"gebraucht
guter Zustand – technisch 100% ok
Bj. 2011 bis 2013
EP5 Anschlüsse
mit Schutzdeckel
18 Stk. verfügbar
jetzt anfragen
Stückpreis",https://www.soundwall.info/wp-content/uploads/2025/04/Ref-2408-DB-J-Infra-Subwoofer-2.jpg,1,https://www.soundwall.info/wp-content/uploads/2025/04/Ref-2408-DB-J-Infra-Subwoofer-3.jpg,2,https://www.soundwall.info/wp-content/uploads/2025/04/Ref-2408-DB-J-Infra-Subwoofer-4.jpg,3,https://www.soundwall.info/wp-content/uploads/2025/04/Ref-2408-DB-J-Infra-Subwoofer-1.jpg,4,,5,,6,,7
soundwall.info,https://www.soundwall.info/produkt/ref-2400-db-j-subwoofer/,Audio,Ref 2400 D&B J Subwoofer,,4400.00,POA,EUR,D&B,guter Zustand,"gebraucht – guter Zustand
Bj. 2017
alle getested
NL4T Anschlüsse
ohne Schutzdeckel
4 Stk. verfügbar
jetzt anfragen
Stückpreis",https://www.soundwall.info/wp-content/uploads/2025/03/Ref-2400-DB-J-Subs-2.jpg,1,https://www.soundwall.info/wp-content/uploads/2025/03/Ref-2400-DB-J-Subs-1.jpg,2,,3,,4,,5,,6,,7
soundwall.info,https://www.soundwall.info/produkt/ref-2399-crest-x-eight-44-8-analog-mischpult/,Audio,Ref 2399 Crest X Eight 44-8 analog Mischpult,,1300.00,POA,EUR,Crest,dem Alter entsprechende Gebrauchspuren,"gebraucht – dem Alter entsprechende Gebrauchspuren
40 x Mono in
04 x Stereo in
8 Subgruppen
8 Aux
jetzt anfragen
Stückpreis",https://www.soundwall.info/wp-content/uploads/2025/03/Ref-2399-Crest-X-Eight-44-8-analog-2.jpg,1,https://www.soundwall.info/wp-content/uploads/2025/03/Ref-2399-Crest-X-Eight-44-8-analog-3.jpg,2,https://www.soundwall.info/wp-content/uploads/2025/03/Ref-2399-Crest-X-Eight-44-8-analog-1.jpg,3,,4,,5,,6,,7
soundwall.info,https://www.soundwall.info/produkt/ref-2398-jbl-vt-4889-4880-linearray-set/,Audio,Ref 2398 JBL VT 4889 + 4880 Linearray Set,,39990.00,POA,EUR,JBL,gebraucht,"gebraucht
08 x JBL VT4889 Tops
08 x JBL VT4880 Subs
02 x Bumper und komplettes Rigging
02 x Top Amprack mit je:
01 x BSS 366 Omnidrive
04 x CROWN MACROTECH 5002 VZ
02 x Sub Amprack
02 x CROWN MACROTECH 5002 VZ
jetzt anfragen
Setpreis",https://www.soundwall.info/wp-content/uploads/2025/03/Ref-2398-JBL-VT-4889-4880-Linearray-2.jpg,1,https://www.soundwall.info/wp-content/uploads/2025/03/Ref-2398-JBL-VT-4889-4880-Linearray-3.jpg,2,https://www.soundwall.info/wp-content/uploads/2025/03/Ref-2398-JBL-VT-4889-4880-Linearray-1.jpg,3,,4,,5,,6,,7
soundwall.info,https://www.soundwall.info/produkt/ref-2397-electro-voice-xlc-127-dvx-linearray-set/,Audio,Ref 2397 Electro Voice XLC 127 DVX Linearray Set,,42500.00,POA,EUR,Electro,gebraucht,"gebraucht
technisch guter Zustand – optisch ziemliche Gebrauchspuren
16 x XLC DVX 127 Tops auf Dollies
12 x XLC 215 Subwoofer auf Dollies
12 x XLC 118 Subwoofer
06 x X-sub auf Dollies
02 x Bumper
jetzt anfragen
Setpreis",https://www.soundwall.info/wp-content/uploads/2025/03/Ref-2397-EV-XLC127-DVX-2.jpg,1,https://www.soundwall.info/wp-content/uploads/2025/03/Ref-2397-EV-XLC127-DVX-3.jpg,2,https://www.soundwall.info/wp-content/uploads/2025/03/Ref-2397-EV-XLC127-DVX-4.jpg,3,https://www.soundwall.info/wp-content/uploads/2025/03/Ref-2397-EV-XLC127-DVX-1.jpg,4,,5,,6,,7
soundwall.info,https://www.soundwall.info/produkt/ref-2396-yamaha-ql5-digital-mischpult/,Audio,Ref 2396 Yamaha QL5 digital Mischpult,,6990.00,POA,EUR,Yamaha,guter Zustand,"gebraucht – guter Zustand
Littlelight, Softcover
Case
jetzt anfragen
Stückpreis",https://www.soundwall.info/wp-content/uploads/2025/03/Ref-2396-Yamaha-QL5-2.jpg,1,https://www.soundwall.info/wp-content/uploads/2025/03/Ref-2396-Yamaha-QL5-3.jpg,2,https://www.soundwall.info/wp-content/uploads/2025/03/Ref-2396-Yamaha-QL5-4.jpg,3,https://www.soundwall.info/wp-content/uploads/2025/03/Ref-2396-Yamaha-QL5-1.jpg,4,,5,,6,,7
soundwall.info,https://www.soundwall.info/produkt/ref-2391-case-fuer-subwoofer-oder-aehnlich/,Audio,Ref 2391 Case für Subwoofer oder ähnlich,,100.00,POA,EUR,Case,gebraucht,"gebraucht
Innenmaß 64 x 86 x 77 cm h
wurde als Case für einen Subwoofer verwendet
jetzt anfragen
Stückpreis",https://www.soundwall.info/wp-content/uploads/2025/01/Ref-2391-Case-2.jpg,1,https://www.soundwall.info/wp-content/uploads/2025/01/Ref-2391-Case-1.jpg,2,,3,,4,,5,,6,,7
soundwall.info,https://www.soundwall.info/produkt/ref-2388-allen-heath-c3500-digital-mischpult-set/,Audio,Ref 2388 Allen & Heath C3500 digital Mischpult Set,,21900.00,POA,EUR,Allen,Bj. 2022,"Bj. 2022
wie neu
1 x A&H C3500 im Case
1 x A&H Dm0-Ufx Mixrack
1 x Dx-Link Karte
1 x Aes I/O Karte
1 x Rack Ultra FX Karte ( 2023 )
jetzt anfragen
Setpreis",https://www.soundwall.info/wp-content/uploads/2025/01/Ref-2388-Allen-Heath-C3500-Set-2.jpg,1,https://www.soundwall.info/wp-content/uploads/2025/01/Ref-2388-Allen-Heath-C3500-Set-3.jpg,2,https://www.soundwall.info/wp-content/uploads/2025/01/Ref-2388-Allen-Heath-C3500-Set-4.jpg,3,https://www.soundwall.info/wp-content/uploads/2025/01/Ref-2388-Allen-Heath-C3500-Set-1.jpg,4,,5,,6,,7
soundwall.info,https://www.soundwall.info/produkt/ref-2364-shure-psm1000-iem-set/,Audio,Ref 2364 Shure PSM1000 IEM Set,,2800.00,POA,EUR,Shure,sehr guter Zustand,"gebraucht – sehr guter Zustand
Frequenzbereich K10E (596-668 Mhz)
1 x Shure P10T dual Sender
2 x Shure P10R Empfänger
mehrere Sets verfügbar
jetzt anfragen
Setpreis",https://www.soundwall.info/wp-content/uploads/2024/10/Ref-2364-Shure-PSM1000-IEM-Set-2.jpg,1,https://www.soundwall.info/wp-content/uploads/2024/10/Ref-2364-Shure-PSM1000-IEM-Set-1.jpg,2,,3,,4,,5,,6,,7
soundwall.info,https://www.soundwall.info/produkt/ref-2379-soundcraft-vi600-digital-mischpult-set/,Audio,Ref 2379 Soundcraft Vi400 digital Mischpult Set,,6990.00,POA,EUR,Soundcraft,in sehr gutem Zustand,"gebraucht – in sehr gutem Zustand
Soundcraft Vi400 Mischpult im Case
Local Rack 3 x DSP – Madi Cat 5
Stagerack 64 – 32
jetzt anfragen
Setpreis",https://www.soundwall.info/wp-content/uploads/2024/12/Ref-2379-Soundcraft-Vi400-Set-2.jpg,1,https://www.soundwall.info/wp-content/uploads/2024/12/Ref-2379-Soundcraft-Vi400-Set-3.jpg,2,https://www.soundwall.info/wp-content/uploads/2024/12/Ref-2379-Soundcraft-Vi400-Set-4.jpg,3,https://www.soundwall.info/wp-content/uploads/2024/12/Ref-2379-Soundcraft-Vi400-Set-5.jpg,4,https://www.soundwall.info/wp-content/uploads/2024/12/Ref-2379-Soundcraft-Vi400-Set-1.jpg,5,,6,,7
soundwall.info,https://www.soundwall.info/produkt/ref-2371-db-audiotechnik-e1-set/,Audio,Ref 2371 D&B Audiotechnik E1 Set,,900.00,POA,EUR,D&B,sehr guter Zustand,"gebraucht, sehr guter Zustand
2 x D&B E1 Tops mit Wandhalterung
1 x D&B P1200 Amp mit E1 Karten
jetzt anfragen
Setpreis",https://www.soundwall.info/wp-content/uploads/2024/11/Ref-2371-DB-E1-Set-2.jpg,1,https://www.soundwall.info/wp-content/uploads/2024/11/Ref-2371-DB-E1-Set-1.jpg,2,,3,,4,,5,,6,,7
soundwall.info,https://www.soundwall.info/produkt/ref-2351-jbl-control-av-29-box/,Audio,Ref 2351 JBL Control AV 29 Box,,250.00,POA,EUR,JBL,wie neu,"gebraucht – wie neu
gereinigt und geprüft
1″ HF und 8 “ Speaker
150 Watt – 8 Ohm RMS
100V
mit Wandhalterung
4 Stk. verfügbar
jetzt anfragen
Stückpreis
 ",https://www.soundwall.info/wp-content/uploads/2024/09/Ref-2351-JBL-Control-AV29-1.jpg,1,https://www.soundwall.info/wp-content/uploads/2024/09/Ref-2351-JBL-Control-AV29-2.jpg,2,,3,,4,,5,,6,,7
soundwall.info,https://www.soundwall.info/produkt/ref-2346-l-acoustics-115xt-hiq-monitore/,Audio,Ref 2346 L-acoustics 115XT-HiQ Monitore,,2700.00,POA,EUR,L-acoustics,guter Zustand,"gebraucht – guter Zustand
im Doppelcase
mit Funktionsgarantie
5 Doppelcases verfügbar
jetzt anfragen
Preis / Doppelcase",https://www.soundwall.info/wp-content/uploads/2024/08/Ref-2346-L-acoustics-115XT-HiQ-3.jpg,1,https://www.soundwall.info/wp-content/uploads/2024/08/Ref-2346-L-acoustics-115XT-HiQ-1.jpg,2,https://www.soundwall.info/wp-content/uploads/2024/08/Ref-2346-L-acoustics-115XT-HiQ-2.jpg,3,,4,,5,,6,,7
soundwall.info,https://www.soundwall.info/produkt/ref-2343-soundcraft-vi1-digital-mischpult/,Audio,Ref 2343 Soundcraft Vi1 digital Mischpult,,2650.00,POA,EUR,Soundcraft,sehr guter Zustand,"gebraucht – sehr guter Zustand
inkl Case
jetzt anfragen
Stückpreis",https://www.soundwall.info/wp-content/uploads/2024/06/Ref-2343-Soundcraft-Vi1-Mixer-2.jpg,1,https://www.soundwall.info/wp-content/uploads/2024/06/Ref-2343-Soundcraft-Vi1-Mixer-3.jpg,2,https://www.soundwall.info/wp-content/uploads/2024/06/Ref-2343-Soundcraft-Vi1-Mixer-1.jpg,3,,4,,5,,6,,7
soundwall.info,https://www.soundwall.info/produkt/ref-2331-digico-sd10-digital-mischpult/,Audio,Ref 2331 Digico SD10 digital Mischpult,,15000.00,POA,EUR,Digico,Bj 2018,"Bj 2018
in sehr gutem Zustand
Core 2
HMA Optics
Case
Funktionsgarantie
jetzt anfragen
Stückpreis",https://www.soundwall.info/wp-content/uploads/2024/05/Ref-2331-Digico-SD10-2.jpg,1,https://www.soundwall.info/wp-content/uploads/2024/05/Ref-2331-Digico-SD10-3.jpg,2,https://www.soundwall.info/wp-content/uploads/2024/05/Ref-2331-Digico-SD10-1.jpg,3,,4,,5,,6,,7
soundwall.info,https://www.soundwall.info/produkt/ref-2310-digico-sd21-digital-mischpult/,Audio,Ref 2310 Digico S21 digital Mischpult,,4500.00,POA,EUR,Digico,guter Zustand,"gebraucht, guter Zustand
100% in Funktion
incl. Littlelight und Case
jetzt anfragen
Stückpreis",https://www.soundwall.info/wp-content/uploads/2024/04/Ref-2310-Digico-SD21-2.jpg,1,https://www.soundwall.info/wp-content/uploads/2024/04/Ref-2310-Digico-SD21-3.jpg,2,https://www.soundwall.info/wp-content/uploads/2024/04/Ref-2310-Digico-SD21-1.jpg,3,,4,,5,,6,,7
soundwall.info,https://www.soundwall.info/produkt/ref-2285-apple-mac-pro-computer/,Mischpulte,Ref 2285 Apple MAC Pro Computer,,750.00,POA,EUR,Apple,gebraucht,"gebraucht
Quad Core 2,8 Ghz Intel Xeon
12GB DDR2
4 x 1TB HDD 7200rpm Storage
1 x Protools HD3 PCIe Set
jetzt anfragen
Stückpreis",https://www.soundwall.info/wp-content/uploads/2024/01/Ref-2285-Apple-MAC-Pro-PC-2.jpg,1,https://www.soundwall.info/wp-content/uploads/2024/01/Ref-2285-Apple-MAC-Pro-PC-1.jpg,2,,3,,4,,5,,6,,7
soundwall.info,https://www.soundwall.info/produkt/ref-2232-yamaha-03d-digital-mischpult/,Audio,Ref 2232 Yamaha 03D digital Mischpult,,550.00,POA,EUR,Yamaha,guter Zustand,"guter Zustand
Case
jetzt anfragen
Stk Preis",https://www.soundwall.info/wp-content/uploads/2023/03/Ref-2232-Yamaha-03D-4.jpg,1,https://www.soundwall.info/wp-content/uploads/2023/03/Ref-2232-Yamaha-03D-3.jpg,2,https://www.soundwall.info/wp-content/uploads/2023/03/Ref-2232-Yamaha-03D-2.jpg,3,https://www.soundwall.info/wp-content/uploads/2023/03/Ref-2232-Yamaha-03D-1.jpg,4,,5,,6,,7
soundwall.info,https://www.soundwall.info/produkt/ref-2177-yamaha-01v-96v2-digital-mischpult/,Audio,Ref 2177 Yamaha 01V-96V2 digital Mischpult,,750.00,POA,EUR,Yamaha,gebraucht,"gebraucht
sehr guter Zustand
100% in Funktion
neue Fader
im Case
jetzt anfragen
Stückpreis",https://www.soundwall.info/wp-content/uploads/2022/07/Ref-2177-Yamaha-01V.jpg,1,,2,,3,,4,,5,,6,,7
soundwall.info,https://www.soundwall.info/produkt/ref-2108-avid-digidesign-d-show-extender/,Audio,Ref 2108 Avid Digidesign D-Show Extender,,1990.00,POA,EUR,Avid,sehr guter Zustand,"gebraucht, sehr guter Zustand
100% in Funktion
Softcover
im Case mit Aluunterbau
jetzt anfragen
Stückpreis",https://www.soundwall.info/wp-content/uploads/2021/03/Ref-2108-Digidesign-D-Show-1.jpg,1,https://www.soundwall.info/wp-content/uploads/2021/03/Ref-2108-Digidesign-D-Show-2.jpg,2,,3,,4,,5,,6,,7
soundwall.info,https://www.soundwall.info/produkt/ref-2107-digidesign-d-show-surface/,Audio,Ref 2107 Digidesign D-Show Surface,,3500.00,POA,EUR,Digidesign,sehr guter Zustand,"gebraucht, sehr guter Zustand
100% in Funktion
inkl. Monitor, Mouse, Keyboard
Softcover
im Case mit Aluunterbau
jetzt anfragen
Stückpreis",https://www.soundwall.info/wp-content/uploads/2021/03/Ref-2107-Digidesign-D-Show-Surface-2.jpg,1,https://www.soundwall.info/wp-content/uploads/2021/03/Ref-2107-Digidesign-D-Show-Surface-1.jpg,2,,3,,4,,5,,6,,7
soundwall.info,https://www.soundwall.info/produkt/ref-2102-analoges-multicore-set-20-4-mit-splitter/,Audio,Ref 2102 Analoges Multicore Set 20/4 mit Splitter,,500.00,POA,EUR,Analoges,guter Zustand,"gebraucht, guter Zustand
Multicore 75 Meter Multipin im Case
Stagebox 20/4 Multipin und passiver Signal Splitter im Case
Multipin auf XLR Auflösung an der Pultseite
jetzt anfragen
Setpreis",https://www.soundwall.info/wp-content/uploads/2021/02/Ref-2102-Analoges-Multicore-Set-2.jpg,1,https://www.soundwall.info/wp-content/uploads/2021/02/Ref-2102-Analoges-Multicore-Set-1.jpg,2,https://www.soundwall.info/wp-content/uploads/2021/02/Ref-2102-Analoges-Multicore-Set-3.jpg,3,,4,,5,,6,,7
soundwall.info,https://www.soundwall.info/produkt/ref-2101-soundcraft-sm1240-monitor-mischpult/,Audio,Ref 2101 Soundcraft SM1240 Monitor Mischpult,,700.00,POA,EUR,Soundcraft,guter Zustand,"gebraucht, guter Zustand
im Case
40 Mono
12 Aux
2 x PSU
jetzt anfragen
Stückpreis",https://www.soundwall.info/wp-content/uploads/2021/02/Ref-2101-Soundcraft-SM1240-Mixer-2.jpg,1,https://www.soundwall.info/wp-content/uploads/2021/02/Ref-2101-Soundcraft-SM1240-Mixer-3.jpg,2,https://www.soundwall.info/wp-content/uploads/2021/02/Ref-2101-Soundcraft-SM1240-Mixer-4.jpg,3,https://www.soundwall.info/wp-content/uploads/2021/02/Ref-2101-Soundcraft-SM1240-Mixer-5.jpg,4,,5,,6,,7
soundwall.info,https://www.soundwall.info/produkt/ref-2052-yamaha-pm5d-digital-mischpult/,Audio,Ref 2052 Yamaha PM5D digital Mischpult,,3100.00,POA,EUR,Yamaha,sehr guter Zustand,"gebraucht, sehr guter Zustand
PM5D im Case
PSU im Case
jetzt anfragen
Stückpreis",https://www.soundwall.info/wp-content/uploads/2020/05/Ref-2052-Yamaha-PM5D-1.jpg,1,https://www.soundwall.info/wp-content/uploads/2020/05/Ref-2052-Yamaha-PM5D-2.jpg,2,https://www.soundwall.info/wp-content/uploads/2020/05/Ref-2052-Yamaha-PM5D-3.jpg,3,https://www.soundwall.info/wp-content/uploads/2020/05/Ref-2052-Yamaha-PM5D-4.jpg,4,,5,,6,,7
soundwall.info,https://www.soundwall.info/produkt/ref-2570-robe-robin-led-beam-150/,Featured,Ref 2570 Robe Robin Led Beam 150,,8400.00,POA,EUR,Robe,in 8er Cases,"in 8er Cases
gebraucht, sehr guter Zustand
500 – 3000 Std
4 Cases verfügbar
jetzt anfragen
Preis per Case (8 Stk.)
 ",https://www.soundwall.info/wp-content/uploads/2026/09/Ref-2570-Robe-Robin-LED-Beam-150-2.jpg,1,https://www.soundwall.info/wp-content/uploads/2026/09/Ref-2570-Robe-Robin-LED-Beam-150-1.jpg,2,https://www.soundwall.info/wp-content/uploads/2026/09/Ref-2570-Robe-Robin-LED-Beam-150-3.jpg,3,,4,,5,,6,,7
soundwall.info,https://www.soundwall.info/produkt/ref-2531-stairville-led-lichtset/,Featured,Ref 2531 Stairville LED Lichtset,,490.00,POA,EUR,Stairville,neuwertig,"neuwertig
8 x Stairville Quad Par Profile 5 x 8
2 x Accucase Taschen
8 x Globaltruss Quickclamps
1 x Stairville LED Foot 8 Controller
1 x komplette Verkabelung
jetzt anfragen
Setpreis",https://www.soundwall.info/wp-content/uploads/2026/07/Ref-2531-Stairville-Set-2.jpg,1,https://www.soundwall.info/wp-content/uploads/2026/07/Ref-2531-Stairville-Set-3.jpg,2,https://www.soundwall.info/wp-content/uploads/2026/07/Ref-2531-Stairville-Set-4.jpg,3,https://www.soundwall.info/wp-content/uploads/2026/07/Ref-2531-Stairville-Set-1.jpg,4,,5,,6,,7
soundwall.info,https://www.soundwall.info/produkt/ref-2504-clay-paky-scenius-spots/,Featured,Ref 2504 Clay Paky Scenius Spots,,1300.00,POA,EUR,Clay,guter Zustand,"gebraucht, guter Zustand
ca. 2000 bis 2500 Std.
2 Stk. im Doppelcase
mit Sicherungsseil, Clamps
getested – 100% ok
8 Doppelcases verfügbar
jetzt anfragen
Preis / Doppelcase",https://www.soundwall.info/wp-content/uploads/2026/03/Ref-2504-Clay-Paky-Scenius-Spots-2.jpg,1,https://www.soundwall.info/wp-content/uploads/2026/03/Ref-2504-Clay-Paky-Scenius-Spots-3.jpg,2,https://www.soundwall.info/wp-content/uploads/2026/03/Ref-2504-Clay-Paky-Scenius-Spots-1.jpg,3,,4,,5,,6,,7
soundwall.info,https://www.soundwall.info/produkt/ref-2450-robe-mmx-spot-movinghead-paket/,Featured,Ref 2450 Robe MMX Spot Movinghead Paket,,15500.00,POA,EUR,Robe,10 x Robe MMX Movingheads,"10 x Robe MMX Movingheads
aus Festinstallation – wie neu
sehr wenig gesamt Stunden
alle Geräte haben neue Lampen mit ca. 100 Std.
in Doppelcases
jetzt anfragen
Paket Preis",https://www.soundwall.info/wp-content/uploads/2025/08/Ref-2450-Robe-MMX-Spot.jpg,1,,2,,3,,4,,5,,6,,7
soundwall.info,https://www.soundwall.info/produkt/ref-2436-martin-mh6-rush-wash-movinghead/,Featured,Ref 2436 Martin MH6 Rush Wash Movinghead,,550.00,POA,EUR,Martin,sehr guter Zustand,"gebraucht, sehr guter Zustand
kompletes Service
Case
incl. Sicherungsseil und Traversenklammern
24 Stk. verfügbar
jetzt anfragen
Stückpreis",https://www.soundwall.info/wp-content/uploads/2025/06/Ref-2436-Martin-MH6-Rush.jpg,1,,2,,3,,4,,5,,6,,7
soundwall.info,https://www.soundwall.info/produkt/ref-2435-martin-mac-aura-wash-movinghead/,Featured,Ref 2435 Martin Mac Aura Wash Movinghead,,950.00,POA,EUR,Martin,sehr guter Zustand,"sehr guter Zustand
komplett servisiert
cased
inkl. Sicherungsseil und Traversenklammern
12 Stk. verfügbar
jetzt anfragen
Stückpreis",https://www.soundwall.info/wp-content/uploads/2025/06/Ref-2435-Martin-Mac-Aura.jpg,1,,2,,3,,4,,5,,6,,7
soundwall.info,https://www.soundwall.info/produkt/ref-2434-clay-paky-sharpy-wash-movinghead/,Featured,Ref 2434 Clay Paky Sharpy Wash Movinghead,,550.00,POA,EUR,Clay,sehr guter Zustand,"gebraucht, sehr guter Zustand
komplett servisiert
cased
inkl. Sicherungsseil und Traversenklammern
50 Stk. verfügbar
jetzt anfragen
Stückpreis",https://www.soundwall.info/wp-content/uploads/2025/06/Ref-2434-Clay-Paky-Sharpy-Wash.jpg,1,,2,,3,,4,,5,,6,,7
soundwall.info,https://www.soundwall.info/produkt/ref-2433-elation-rayzor-360-wash-movinghead/,Featured,Ref 2433 Elation Rayzor 360 Wash Movinghead,,700.00,POA,EUR,Elation,sehr guter Zustand,"gebraucht, sehr guter Zustand
komplett servisiert
cased
inkl. Sicherungsseil und Traversenklammern
80 Stk. verfügbar
jetzt anfragen
Stückpreis",https://www.soundwall.info/wp-content/uploads/2025/06/Ref-2433-Elation-Rayzor-360.jpg,1,,2,,3,,4,,5,,6,,7
soundwall.info,https://www.soundwall.info/produkt/ref-2432-martin-mac-quantum-wash-movinghead/,Featured,Ref 2432 Martin MAC Quantum Wash Movinghead,,1500.00,POA,EUR,Martin,sehr guter Zustand,"gebraucht, sehr guter Zustand
komplett servisiert
cased
inkl. Sicherungsseil und Traversenklammern
10 Stk. verfügbar
jetzt anfragen
Stückpreis",https://www.soundwall.info/wp-content/uploads/2025/06/Ref-2432-Martin-MAC-Quantum-Wash.jpg,1,,2,,3,,4,,5,,6,,7
soundwall.info,https://www.soundwall.info/produkt/ref-2431-clay-paky-axcor-spot-300-movinghead/,Featured,Ref 2431 Clay Paky Axcor Spot 300 Movinghead,,1250.00,POA,EUR,Clay,sehr guter Zustand,"gebraucht, sehr guter Zustand
komplett servisiert
cased
inkl. Sicherungsseil und Traversenklammern
6 Stk. verfügbar
jetzt anfragen
Stückpreis",https://www.soundwall.info/wp-content/uploads/2025/06/Ref-2431-Clay-Paky-Axcor-Spot-300.jpg,1,,2,,3,,4,,5,,6,,7
soundwall.info,https://www.soundwall.info/produkt/ref-2430-martin-rush-mh5-movinghead/,Featured,Ref 2430 Martin Rush MH5 Movinghead,,700.00,POA,EUR,Martin,sehr guter Zustand,"gebraucht, sehr guter Zustand
komplett servisiert
cased
inkl. Sicherungsseil und Traversenklammern
14 Stk. verfügbar
jetzt anfragen
Stückpreis",https://www.soundwall.info/wp-content/uploads/2025/06/Ref-2430-Martin-Rush-MH5.jpg,1,,2,,3,,4,,5,,6,,7
soundwall.info,https://www.soundwall.info/produkt/ref-2429-martin-mac-viper-profile-movinghead/,Featured,Ref 2429 Martin MAC Viper Profile Movinghead,,1250.00,POA,EUR,Martin,sehr guter Zustand,"gebraucht, sehr guter Zustand
komplett servisiert
cased
inkl. Sicherungsseil und Traversenklammern
50 Stk. verfügbar
jetzt anfragen
Stückpreis",https://www.soundwall.info/wp-content/uploads/2025/06/Ref-2429-Martin-Mac-Viper-Profile.jpg,1,,2,,3,,4,,5,,6,,7
soundwall.info,https://www.soundwall.info/produkt/ref-2428-martin-mac-quantum-profile-movinghead/,Featured,Ref 2428 Martin Mac Quantum Profile Movinghead,,1550.00,POA,EUR,Martin,sehr guter Zustand,"gebraucht, sehr guter Zustand
komplett servisiert
cased
inkl. Sicherungsseil und Traversenklammern
10 Stk. verfügbar
jetzt anfragen
Stückpreis
 ",https://www.soundwall.info/wp-content/uploads/2025/06/Ref-2428-Martin-Mac-Quantum-Profile.jpg,1,,2,,3,,4,,5,,6,,7
soundwall.info,https://www.soundwall.info/produkt/ref-2427-robe-bmfl-blade-movinghead/,Featured,Ref 2427 Robe BMFL Blade Movinghead,,2200.00,POA,EUR,Robe,sehr guter Zustand,"gebraucht, sehr guter Zustand
komplett servisiert
cased
inkl. Sicherungsseil und Traversenklammern
40 Stk. verfügbar
jetzt anfragen
Stückpreis",https://www.soundwall.info/wp-content/uploads/2025/06/Ref-2427-Robe-BMFL-Blade.jpg,1,,2,,3,,4,,5,,6,,7
soundwall.info,https://www.soundwall.info/produkt/ref-2426-robe-bmfl-spot/,Featured,Ref 2426 Robe BMFL Spot,,1450.00,POA,EUR,Robe,sehr guter Zustand,"gebraucht, sehr guter Zustand
komplett servisiert
cased
inkl. Sicherungsseil und Traversenklammern
40 Stk. verfügbar
jetzt anfragen
Stückpreis",https://www.soundwall.info/wp-content/uploads/2025/06/Ref-2426-Robe-BMFL-Spot.jpg,1,,2,,3,,4,,5,,6,,7
soundwall.info,https://www.soundwall.info/produkt/ref-2425-ma-erweiterung-npu-ma2/,Featured,Ref 2425 MA Erweiterung NPU MA2,,1990.00,POA,EUR,MA,sehr guter Zustand,"gebraucht, sehr guter Zustand
8 DMX
9 Stk verfügbar
jetzt anfragen
Stückpreis",https://www.soundwall.info/wp-content/uploads/2025/06/Ref-2425-MA-Extension-NPU-MA2.jpg,1,,2,,3,,4,,5,,6,,7
soundwall.info,https://www.soundwall.info/produkt/ref-2424-grandma-2-light-lichtmischpult/,Featured,Ref 2424 GrandMA 2 light Lichtmischpult,,10499.00,POA,EUR,GrandMA,sehr guter Zustand,"gebraucht, sehr guter Zustand
8 GB
complettes Service
cased
2 Stk. verfügbar
jetzt anfragen
Stückpreis",https://www.soundwall.info/wp-content/uploads/2025/06/Ref-2424-GrandMA-2-light.jpg,1,,2,,3,,4,,5,,6,,7
soundwall.info,https://www.soundwall.info/produkt/ref-2423-grandma-2-full-size-lichtmischpult/,Featured,Ref 2423 GrandMA 2 full size Lichtmischpult,,15900.00,POA,EUR,GrandMA,top Zustand,"gebraucht, top Zustand
8 GB
servisiert
Case
jetzt anfragen
Stückpreis",https://www.soundwall.info/wp-content/uploads/2025/06/Ref-2423-GrandMA-2-full-size.png,1,,2,,3,,4,,5,,6,,7
soundwall.info,https://www.soundwall.info/produkt/ref-2231-ma-scancommander-tourpack/,Featured,Ref 2231 MA Scancommander Tourpack,,650.00,POA,EUR,MA,guter Zustand,"gebraucht – guter Zustand
im Case
jetzt anfragen
Stk Preis",https://www.soundwall.info/wp-content/uploads/2023/03/Ref-2231-MA-Scancommander-Tourpack.jpg,1,,2,,3,,4,,5,,6,,7
soundwall.info,https://www.soundwall.info/produkt/ref-2455-fabulux-master-outdoor-39mm-led-screen-56-m%c2%b2/,Featured,"Ref 2455 Fabulux Master Outdoor 3,9mm LED Screen – 56 m²",,169990.00,POA,EUR,Fabulux,sehr guter Zustand,"gebraucht, sehr guter Zustand
224 x LED Fabulux Master Outdoor Cabinet P3.91, 3.9mm, 50x50cm
010 x LED Fabulux Master Outdoor Groundstack Set 2x4m
038 x LED Fabulux Master Outdoor Hanging Bar, 1er Set
007 x LED Fabulux Master Outdoor Stabilizing Coupler, 6er Set
005 x LED Fabulux Master Outdoor Bar Connecting Plates, 12er Set
008 x LED Fabulux Master Outdoor Cabinet Connecting Plate, 48er Set
201 x 230V powerCON TRUE1 Link-Kabel 0.6m
283 x Ethercon Kabel Cat5e 0.6m
002 x LED Prozessor Novastar MCTRL4K
alles in Cases
jetzt anfragen
Paketpreis",https://www.soundwall.info/wp-content/uploads/2025/08/Ref-2455-Fabulux-Master-Outdoor-LED-Screen-2.jpg,1,https://www.soundwall.info/wp-content/uploads/2025/08/Ref-2455-Fabulux-Master-Outdoor-LED-Screen-1.jpg,2,,3,,4,,5,,6,,7
soundwall.info,https://www.soundwall.info/produkt/ref-2573-allen-heath-qu-5-digital-mischpult/,Featured,Ref 2573 Allen & Heath QU-5 digital Mischpult,,1541.00,POA,EUR,Allen,Neuware mit voller Garantie,"Neuware mit voller Garantie
in orig. Verpackung
Stückpreis",https://www.soundwall.info/wp-content/uploads/2026/09/Ref-2573-AH-QU5-Mixer-2.jpg,1,https://www.soundwall.info/wp-content/uploads/2026/09/Ref-2573-AH-QU5-Mixer-1.jpg,2,,3,,4,,5,,6,,7
soundwall.info,https://www.soundwall.info/produkt/ref-2567-ld-systems-pa1600x-endstufe/,Featured,Ref 2567 LD Systems PA1600X Endstufe,,299.00,POA,EUR,LD,gebraucht,"gebraucht
100% in Funktion
mit einstellbarem Tiefpassfilter bis 1200Hz
dadurch kann der Amp als Bassendstufe ohne extra Frequenzweiche verwendet werden.
2 x 1100 Watt @ 4 Ohm
2 x 700 Watt @ 8 Ohm
21 Kg
Stückpreis",https://www.soundwall.info/wp-content/uploads/2026/09/Ref-2567-LD-Systems-PA1600X-Amp-2.jpg,1,https://www.soundwall.info/wp-content/uploads/2026/09/Ref-2567-LD-Systems-PA1600X-Amp-1.jpg,2,,3,,4,,5,,6,,7
soundwall.info,https://www.soundwall.info/produkt/ref-2565-sommer-kabel-20-meter-nl8-speakon-kabel-8-x-25-sc-elephant-825/,Featured,"Ref 2565 Sommer Kabel 20 Meter NL8 Speakon Kabel – 8 x 2,5 SC-Elephant-825",,360.00,POA,EUR,Sommer,gebraucht,"2 Stück im Paket, gebraucht
kaum verwendet
mit Neutrik Speakon Stecker
Packetpreis",https://www.soundwall.info/wp-content/uploads/2026/08/Ref-2565-Sommer-Cable-20m-2.jpg,1,https://www.soundwall.info/wp-content/uploads/2026/08/Ref-2565-Sommer-Cable-20m-1.jpg,2,,3,,4,,5,,6,,7
soundwall.info,https://www.soundwall.info/produkt/ref-2564-martin-audio-em26-tops/,Featured,Ref 2564 Martin Audio EM26 Tops,,300.00,POA,EUR,Martin,guter Zustand,"gebraucht – guter Zustand
8 x schwarze Version
2 x grüne Version
getested – 100% in Funktion
Verkauf nur Pärchen
Preis pro Paar",https://www.soundwall.info/wp-content/uploads/2026/08/Ref-2564-Martin-Audio-EM26-2.jpg,1,https://www.soundwall.info/wp-content/uploads/2026/08/Ref-2564-Martin-Audio-EM26-3.jpg,2,https://www.soundwall.info/wp-content/uploads/2026/08/Ref-2564-Martin-Audio-EM26-1.jpg,3,,4,,5,,6,,7
soundwall.info,https://www.soundwall.info/produkt/ref-2557-cat-5-patchkabel-set/,Shop CASES,Ref 2557 Cat 5 Patchkabel Set,,40.00,POA,EUR,Cat,gebraucht,"gebraucht
5 Stk., je 5 Meter
mit Neutrik Stecker
Paketpreis
 ",https://www.soundwall.info/wp-content/uploads/2026/08/Ref-2557-Cat-5-patchcabel-set.jpg,1,,2,,3,,4,,5,,6,,7
soundwall.info,https://www.soundwall.info/produkt/ref-2556-dmx-kabel-paket-3-polig/,Shop CASES,Ref 2556 DMX Kabel Paket – 3 Polig,,50.00,POA,EUR,DMX,neuwertig,"neuwertig
1 x 20 Meter
1 x 10 Meter
8 x 2 Meter
Paketpreis",https://www.soundwall.info/wp-content/uploads/2026/08/Ref-2556-DMX-Cable-package.jpg,1,,2,,3,,4,,5,,6,,7
soundwall.info,https://www.soundwall.info/produkt/ref-2555-sommer-kabel-transit-mc-2005-hybrid-patchkabel/,Shop CASES,Ref 2555 Sommer Kabel Transit MC 2005 – hybrid Patchkabel,,60.00,POA,EUR,Sommer,guter Zustand,"gebraucht, guter Zustand
5 Meter Patchkabel
5 x CAT 5 mit Neutrik Stecker
2 x HD-SDI
Stückpreis",https://www.soundwall.info/wp-content/uploads/2026/08/Ref-2555-Sommer-Cable-Transit-MC.jpg,1,,2,,3,,4,,5,,6,,7
soundwall.info,https://www.soundwall.info/produkt/ref-2554-db-max-adapter-kabel/,Shop CASES,Ref 2554 D&B MAX Adapter Kabel,,50.00,POA,EUR,D&B,6 Stk. im Set,"gebraucht, 6 Stk. im Set
XLR auf EP5
15 cm
Setpreis",https://www.soundwall.info/wp-content/uploads/2026/07/Ref-2554-DB-MAX-Adapter-cable.jpg,1,,2,,3,,4,,5,,6,,7
soundwall.info,https://www.soundwall.info/produkt/ref-2553-cordial-kabel-ep5-auf-nl4/,Shop CASES,Ref 2553 Cordial Kabel – EP5 auf NL4,,80.00,POA,EUR,Cordial,2 Stk. im Set,"gebraucht, 2 Stk. im Set
4 x 2,5 mm²
EP5 Stecker auf NL4
10 Meter
Setpreis",https://www.soundwall.info/wp-content/uploads/2026/07/Ref-2553-Cordial-Cable-EP5.jpg,1,,2,,3,,4,,5,,6,,7
soundwall.info,https://www.soundwall.info/produkt/ref-2552-speakon-adapter-kabel-nl4-auf-nl2/,Shop CASES,Ref 2552 Speakon Adapter Kabel NL4 auf NL2,,20.00,POA,EUR,Speakon,2 Stk. im Set,"gebraucht, 2 Stk. im Set
50 cm – 4 x 4 mm²
1 x NL4 auf NL2 Stecker
1 x NL4 auf NL2 Buchsen
Setpreis",https://www.soundwall.info/wp-content/uploads/2026/07/Ref-2552-Speakon-Adapter-Cable.jpg,1,,2,,3,,4,,5,,6,,7
soundwall.info,https://www.soundwall.info/produkt/ref-2551-cordial-kabel-4-x-25-mm%c2%b2/,Shop CASES,"Ref 2551 Cordial Kabel 4 x 2,5 mm²",,100.00,POA,EUR,Cordial,gebraucht,"gebraucht
60 cm Länge
NL4 auf NL4
8 Stk. im Paket
Paketpreis",https://www.soundwall.info/wp-content/uploads/2026/07/Ref-2551-Cordial-Kabel-60cm.jpg,1,,2,,3,,4,,5,,6,,7
soundwall.info,https://www.soundwall.info/produkt/ref-2550-akg-wms-450-d5-funkmikrofon-set/,Featured,Ref 2550 AKG WMS 450 – D5 Funkmikrofon Set,,240.00,POA,EUR,AKG,guter Zustand,"gebraucht, guter Zustand
Frequenz: 650.100 – 680.000
1 x WMS 450 Empfänger, Netzteil und 2 Antennen
1 x WMS 450 Handsender mit D5 Kapsel
im Koffer mit Mikrofonklemme
Setpreis",https://www.soundwall.info/wp-content/uploads/2026/07/Ref-2550-AKG-WMS-450-D5-HF-2.jpg,1,https://www.soundwall.info/wp-content/uploads/2026/07/Ref-2550-AKG-WMS-450-D5-HF-1.jpg,2,,3,,4,,5,,6,,7
soundwall.info,https://www.soundwall.info/produkt/ref-2549-akg-wms-470-taschensender-set/,Featured,Ref 2549 AKG WMS 470 – Taschensender Set,,180.00,POA,EUR,AKG,guter Zustand,"gebraucht, guter Zustand
Frequenz: 500.100 – 530-500
1 x WMS 470 Empfänger, Netzteil und 2 Antennen
1 x WMS 470 Taschensender
1 x Einbauwinkel
Setpreis",https://www.soundwall.info/wp-content/uploads/2026/07/Ref-2549-AKG-WMS-470-Pockettransmitter-2.jpg,1,https://www.soundwall.info/wp-content/uploads/2026/07/Ref-2549-AKG-WMS-470-Pockettransmitter-1.jpg,2,,3,,4,,5,,6,,7
soundwall.info,https://www.soundwall.info/produkt/ref-2548-akg-wms-470-d5-funkmikrofon-set/,Featured,Ref 2548 AKG WMS 470 – D5 Funkmikrofon Set,,210.00,POA,EUR,AKG,guter Zustand,"gebraucht, guter Zustand
Frequenz: 500.100 – 530-500
1 x WMS 470 Empfänger, Netzteil und 2 Antennen
1 x WMS 470 Handsender mit D5 Kapsel
1 x Einbauwinkel
Setpreis",https://www.soundwall.info/wp-content/uploads/2026/07/Ref-2548-AKG-WMS-470-D5-HF-2.jpg,1,https://www.soundwall.info/wp-content/uploads/2026/07/Ref-2548-AKG-WMS-470-D5-HF-3.jpg,2,https://www.soundwall.info/wp-content/uploads/2026/07/Ref-2548-AKG-WMS-470-D5-HF-1.jpg,3,,4,,5,,6,,7
soundwall.info,https://www.soundwall.info/produkt/ref-2547-akg-c519-kondensator-anklipp-mikrofon/,Featured,Ref 2547 AKG C519 Kondensator Anklipp Mikrofon,,99.00,POA,EUR,AKG,guter Zustand,"gebraucht, guter Zustand
abnehmbares Kabel
mit Tasche
mini XLR
Stückpreis",https://www.soundwall.info/wp-content/uploads/2026/07/Ref-2547-AKG-C519-Kondensator-Mikrofon.jpg,1,,2,,3,,4,,5,,6,,7
soundwall.info,https://www.soundwall.info/produkt/ref-2546-fisher-amps-alc-89-akku-lader/,Featured,Ref 2546 Fisher Amps ALC 89 Akku Lader,,299.00,POA,EUR,Fisher,sehr guter Zustand,"gebraucht, sehr guter Zustand
19″ Lader 1HE
für 8 x 9 V NiMH Block Akku
Ladezustandanzeige
Ladezeit ca 2 h
inkl. 7 Stk. Varta 200 ma/h Akkus
Stückpreis",https://www.soundwall.info/wp-content/uploads/2026/07/Ref-2546-Fisher-Amps-ALC-89.jpg,1,,2,,3,,4,,5,,6,,7
soundwall.info,https://www.soundwall.info/produkt/ref-2545-led-par-stairville-quad-par-profile-5x8/,Featured,Ref 2545 LED PAR Stairville Quad Par Profile 5×8,,100.00,POA,EUR,LED,neuwertig,"neuwertig
Lichtquelle: 5 x 4-in-1 8 W RGBW LEDs
Lichtleistung: ca. 9000 Lux @ 1 m (RGBW)
Abstrahlwinkel: 25°
Ansteuerung: DMX 512 (4, 6, oder 8 Kanäle), Musiksteuerung über eingebautes Mikrophon
DMX Ein- und Ausgang: 3 pol. XLR
Strom Ein- und Ausgang: IEC (Kaltgeräte-Buchse)
bei Kauf von mehreren Sets bitte Versandpeis anfragen
Setpreis (2 Stk)",https://www.soundwall.info/wp-content/uploads/2026/07/Ref-2545-LED-Par-Stairville-Quad-2.jpg,1,https://www.soundwall.info/wp-content/uploads/2026/07/Ref-2545-LED-Par-Stairville-Quad-3.jpg,2,https://www.soundwall.info/wp-content/uploads/2026/07/Ref-2545-LED-Par-Stairville-Quad-4.jpg,3,https://www.soundwall.info/wp-content/uploads/2026/07/Ref-2545-LED-Par-Stairville-Quad-5.jpg,4,https://www.soundwall.info/wp-content/uploads/2026/07/Ref-2545-LED-Par-Stairville-Quad-1.jpg,5,,6,,7
soundwall.info,https://www.soundwall.info/produkt/ref-2543-4-x-global-truss-super-clamp/,Featured,Ref 2543 4 x Global Truss Super Clamp,,60.00,POA,EUR,4,gebraucht,"gebraucht
Inkl. M10 Zapfen
Max. 15 kg Tragkraft
Gewicht nur 0,44 kg
In allen Positionen montierbar
Öffnung: 13 – 55 mm
4 Stk im Paket
Paketpreis",https://www.soundwall.info/wp-content/uploads/2026/07/Ref-2543-Global-Truss-Super-Clamp.jpg,1,,2,,3,,4,,5,,6,,7
soundwall.info,https://www.soundwall.info/produkt/ref-2540-seeburg-acoustic-line-a4-box/,Featured,Ref 2540 Seeburg Acoustic Line A4 Box,,399.00,POA,EUR,Seeburg,sehr guter Zustand,"gebraucht, sehr guter Zustand
Einzelstück
neuer Frontschaum
100% in Funktion
Stückpreis",https://www.soundwall.info/wp-content/uploads/2026/07/Ref-2540-Seeburg-Acoustic-Line-A4-box-2.jpg,1,https://www.soundwall.info/wp-content/uploads/2026/07/Ref-2540-Seeburg-Acoustic-Line-A4-box-3.jpg,2,https://www.soundwall.info/wp-content/uploads/2026/07/Ref-2540-Seeburg-Acoustic-Line-A4-box-4.jpg,3,https://www.soundwall.info/wp-content/uploads/2026/07/Ref-2540-Seeburg-Acoustic-Line-A4-box-1.jpg,4,,5,,6,,7
soundwall.info,https://www.soundwall.info/produkt/ref-2530-2-x-varytec-wind-up-stativ/,Featured,Ref 2530 2 x Varytec Wind-Up Stativ,,320.00,POA,EUR,2,wurde 3 mal verwendet,"neuwertig – wurde 3 mal verwendet
maximale Höhe: 4 m
minimale Last: 25 kg
maximale Last: 85 kg
Transportmaß: 1,75 m
Gewicht: 25 kg
mit T Bar und Traversenadapter
jetzt anfragen
Paketpreis",https://www.soundwall.info/wp-content/uploads/2026/07/Ref-2530-Varytec-Wind-Up-Stativ-2.jpg,1,https://www.soundwall.info/wp-content/uploads/2026/07/Ref-2530-Varytec-Wind-Up-Stativ-1.jpg,2,,3,,4,,5,,6,,7
soundwall.info,https://www.soundwall.info/produkt/ref-2527-crown-xli-1500-endstufe/,Featured,Ref 2527 Crown XLI 1500 Endstufe,,200.00,POA,EUR,Crown,guter Zustand,"gebraucht, guter Zustand
2 x 330 Watt @ 8 Ohm
2 x 450 Watt @ 4 Ohm
12,7 Kg
Stückpreis",https://www.soundwall.info/wp-content/uploads/2026/06/Ref-2527-Crown-XLI-1500-Amp-2.jpg,1,https://www.soundwall.info/wp-content/uploads/2026/06/Ref-2527-Crown-XLI-1500-Amp-1.jpg,2,,3,,4,,5,,6,,7
soundwall.info,https://www.soundwall.info/produkt/ref-2525-nexo-ps10td-analog-controller/,Featured,Ref 2525 Nexo PS10TD analog Controller,,299.00,POA,EUR,Nexo,guter Zustand,"gebraucht, guter Zustand
geprüft
Stückpreis",https://www.soundwall.info/wp-content/uploads/2026/06/Ref-2525-Nexo-PS10TD-controller.jpg,1,,2,,3,,4,,5,,6,,7
soundwall.info,https://www.soundwall.info/produkt/ref-2521-yamaha-my16ae-karte/,Featured,Ref 2521 Yamaha MY16AE Karte,,199.00,POA,EUR,Yamaha,sehr guter Zustand,"gebraucht, sehr guter Zustand
AES / EBU Karte für viele Yamaha Pulte
bei Kauf von mehreren Stk. bitte Versandpreis anfragen
Stückpreis",https://www.soundwall.info/wp-content/uploads/2026/06/Ref-2521-Yamaha-MY16AE-Card-2.jpg,1,https://www.soundwall.info/wp-content/uploads/2026/06/Ref-2521-Yamaha-MY16AE-Card-1.jpg,2,,3,,4,,5,,6,,7
soundwall.info,https://www.soundwall.info/produkt/ref-2512-allen-heath-sq5-digital-mischpult/,Shop TON,Ref 2512 Allen & Heath SQ5 digital Mischpult,,1900.00,POA,EUR,Allen,sehr guter Zustand,"gebraucht, sehr guter Zustand
minimale Gebrauchsspuren
in orig. Verpackung
100% ok
Stückpreis",https://www.soundwall.info/wp-content/uploads/2026/05/Ref-2512-Allen-Heath-SQ5.jpg,1,,2,,3,,4,,5,,6,,7
soundwall.info,https://www.soundwall.info/produkt/ref-2501-yamaha-ls9-16-digital-mischpult/,Featured,Ref 2501 Yamaha LS9-16 digital Mischpult,,499.00,POA,EUR,Yamaha,gebraucht,"gebraucht
technisch gut
optisch einige Gebrauchspuren
mit Rackschienen
ohne Case
bei Kauf von mehreren Stk bitte Versandpreis anfragen
Stückpreis
 ",https://www.soundwall.info/wp-content/uploads/2026/02/Ref-2501-Yamaha-LS9-16-4.jpg,1,https://www.soundwall.info/wp-content/uploads/2026/02/Ref-2501-Yamaha-LS9-16-5.jpg,2,https://www.soundwall.info/wp-content/uploads/2026/02/Ref-2501-Yamaha-LS9-16-3.jpg,3,https://www.soundwall.info/wp-content/uploads/2026/02/Ref-2501-Yamaha-LS9-16-2.jpg,4,,5,,6,,7
soundwall.info,https://www.soundwall.info/produkt/ref-2486-yamaha-ad8hr-mikrofonvorverstaerker/,Featured,Ref 2486 Yamaha AD8HR Mikrofonvorverstärker,,200.00,POA,EUR,Yamaha,sehr guter Zustand,"gebraucht, sehr guter Zustand
8-Kanal fernsteuerbarer Mikrofonvorverstärker A/D Wandler
passend für DM 1000/ 2000 oder PM5D und viele andere
bei Kauf von mehreren Stk bitte Versandpreis anfragen
Stückpreis",https://www.soundwall.info/wp-content/uploads/2026/01/Ref-2486-Yamaha-AD8HR-3.jpg,1,https://www.soundwall.info/wp-content/uploads/2026/01/Ref-2486-Yamaha-AD8HR-2.jpg,2,,3,,4,,5,,6,,7
soundwall.info,https://www.soundwall.info/produkt/ref-2316-traversenhaken-easy-hook-set/,Shop CASES,Ref 2316 Traversenhaken Easy Hook Set,,35.00,POA,EUR,Traversenhaken,gebraucht,"gebraucht
für Rohre von 48-52mm
Tragkraft 150 kg
4 Stk im Set",https://www.soundwall.info/wp-content/uploads/2024/04/Ref-2316-Globaltruss-Easy-Hook.jpg,1,,2,,3,,4,,5,,6,,7
soundwall.info,https://www.soundwall.info/produkt/ref-2460-drawmer-ds-201-dual-noisegate/,Featured,Ref 2460 Drawmer DS 201 dual Noisegate,,99.00,POA,EUR,Drawmer,guter Zustand,"gebraucht, guter Zustand
100% in Funktion
bei Kauf von mehreren Stk. bitte Versandpreis anfragen",https://www.soundwall.info/wp-content/uploads/2025/08/Ref-2460-Drawmer-DS-201-Noisegate-2.jpg,1,https://www.soundwall.info/wp-content/uploads/2025/08/Ref-2460-Drawmer-DS-201-Noisegate-1.jpg,2,,3,,4,,5,,6,,7
soundwall.info,https://www.soundwall.info/produkt/ref-2459-crown-xls-202-endstufe/,Featured,Ref 2459 Crown XLS 202 Endstufe,,150.00,POA,EUR,Crown,sehr guter Zustand,"gebraucht, sehr guter Zustand
300W @ 4 Ohm
100% in Funktion",https://www.soundwall.info/wp-content/uploads/2025/08/Ref-2459-Crown-XLS-202-Amp-2.jpg,1,https://www.soundwall.info/wp-content/uploads/2025/08/Ref-2459-Crown-XLS-202-Amp-1.jpg,2,,3,,4,,5,,6,,7
soundwall.info,https://www.soundwall.info/produkt/ref-2458-crest-7200-pro-endstufe/,Featured,Ref 2458 Crest 7200 Pro Endstufe,,599.00,POA,EUR,Crest,guter Zustand,"gebraucht – guter Zustand
2 x 1000 Watt @ 4 Ohm
2 x 1650 Watt @ 2 Ohm
100% in Funktion
 ",https://www.soundwall.info/wp-content/uploads/2025/08/Ref-2458-Crest-7200-Pro-Amp-2.jpg,1,https://www.soundwall.info/wp-content/uploads/2025/08/Ref-2458-Crest-7200-Pro-Amp-1.jpg,2,,3,,4,,5,,6,,7
soundwall.info,https://www.soundwall.info/produkt/ref-2454-kabeltrommel-aus-metall/,Shop CASES,Ref 2454 Kabeltrommel aus Metall,,99.00,POA,EUR,Kabeltrommel,gebrauchte Kabeltrommel für Multicore oder ähnlich,"große, gebrauchte Kabeltrommel für Multicore oder ähnlich
Stückpreis
 ",https://www.soundwall.info/wp-content/uploads/2025/08/Ref-2454-Kabeltrommel-2.jpg,1,https://www.soundwall.info/wp-content/uploads/2025/08/Ref-2454-Kabeltrommel-1.jpg,2,,3,,4,,5,,6,,7
soundwall.info,https://www.soundwall.info/produkt/ref-2453-yamaha-pw-800-netzteil/,Featured,Ref 2453 Yamaha PW 800 Netzteil,,250.00,POA,EUR,Yamaha,guter Zustand,"gebraucht, guter Zustand
passend für viele digitale Yamaha Pulte
Stückpreis",https://www.soundwall.info/wp-content/uploads/2025/08/Ref-2453-Yamaha-PW-800-power-supply-2.jpg,1,https://www.soundwall.info/wp-content/uploads/2025/08/Ref-2453-Yamaha-PW-800-power-supply-1.jpg,2,,3,,4,,5,,6,,7
soundwall.info,https://www.soundwall.info/produkt/ref-2370-hk-audio-vt-110-box/,Shop TON,Ref 2370 HK Audio VT 110 Boxen,,540.00,POA,EUR,HK,sehr guter Zustand,"gebraucht, sehr guter Zustand
neu lackiert und neuer Frontschaum
getested 100% in Funktion
Verkauf als Paar
Preis / Paar",https://www.soundwall.info/wp-content/uploads/2024/11/Ref-2370-HK-Audio-VT110-Box-2.jpg,1,https://www.soundwall.info/wp-content/uploads/2024/11/Ref-2370-HK-Audio-VT110-Box-4.jpg,2,,3,,4,,5,,6,,7
soundwall.info,https://www.soundwall.info/produkt/ref-2350-martin-audio-aq12-boxen/,Featured,Ref 2350 Martin Audio AQ12 Boxen,,399.00,POA,EUR,Martin,optisch übliche Gebrauchsspuren,"gebraucht – technisch perfekt, optisch übliche Gebrauchsspuren
gereinigt & geprüft
1″ Treiber + 12″ Speaker
mit Wandhalterung
bei Kauf von mehreren Stk. bitte Versandpreis anfragen
Stückpreis",https://www.soundwall.info/wp-content/uploads/2024/09/Ref-2350-Martin-Audio-AQ12-Box-2.jpg,1,https://www.soundwall.info/wp-content/uploads/2024/09/Ref-2350-Martin-Audio-AQ12-Box-1.jpg,2,,3,,4,,5,,6,,7
soundwall.info,https://www.soundwall.info/produkt/ref-2114-boxenflansch/,Shop CASES,Ref 2114 Boxenflansch,,5.00,POA,EUR,Boxenflansch,unbenützt,"neu – unbenützt
sehr stabile Ausführung
11 cm Durchmesser
9,5 cm Einbautiefe
bei Kauf von mehreren Stk. bitte Versandpreis anfragen
Stückpreis",,1,,2,,3,,4,,5,,6,,7
soundwall.info,https://www.soundwall.info/produkt/ref-2118-allen-heath-wz12-2-dx-mischpult/,Shop TON,Ref 2118 Allen & Heath WZ12-2 DX Mischpult,,350.00,POA,EUR,Allen,sehr guter Zustand,"gebraucht – sehr guter Zustand
100% in Funktion
8 Mono Kanäle
4 Stereo Kanäle ( 2 x mit Klangregelung, 2 x ohne )
4 fach Klangregelung mit 2 x param. Mitten
6 Auxwege
intergrierte Effekte ( Hall, Delay usw )
Stückpreis",https://www.soundwall.info/wp-content/uploads/2024/05/Ref-2118-Allen-Heath-WZ12-2-DX-2.jpg,1,https://www.soundwall.info/wp-content/uploads/2024/05/Ref-2118-Allen-Heath-WZ12-2-DX-3.jpg,2,https://www.soundwall.info/wp-content/uploads/2024/05/Ref-2118-Allen-Heath-WZ12-2-DX-4.jpg,3,https://www.soundwall.info/wp-content/uploads/2024/05/Ref-2118-Allen-Heath-WZ12-2-DX-1.jpg,4,,5,,6,,7
soundwall.info,https://www.soundwall.info/produkt/ref-2337-19-stagebox/,Shop CASES,Ref 2337 19″ Stagebox,,50.00,POA,EUR,19″,gebraucht,"gebraucht
24 in XLR
auf Multipin Stecker
Stückpreis",https://www.soundwall.info/wp-content/uploads/2024/05/Ref-2337-19z-Stagebox.jpg,1,,2,,3,,4,,5,,6,,7
soundwall.info,https://www.soundwall.info/produkt/ref-2336-19-panel-stromverteiler/,Shop CASES,Ref 2336 19″ Panel Stromverteiler,,20.00,POA,EUR,19″,gebraucht,"gebraucht
1 x 16A CEE in
3 x Schuko out
bei Kauf von mehreren Stk. bitte Versandpreis anfragen
Stückpreis",https://www.soundwall.info/wp-content/uploads/2024/05/Ref-2336-19z-Panel-Stromverteiler.jpg,1,,2,,3,,4,,5,,6,,7
soundwall.info,https://www.soundwall.info/produkt/ref-2335-19-panel-mit-stromanschluessen/,Shop CASES,Ref 2335 19″ Panel mit Stromanschlüssen,,20.00,POA,EUR,19″,gebraucht,"gebraucht
1 x 16A CE in
1 x 16A CE out
1 x Schuko
1 x Kaltgeräteanschluss
Stückpreis",https://www.soundwall.info/wp-content/uploads/2024/05/Ref-2335-19z-Panel.jpg,1,,2,,3,,4,,5,,6,,7
soundwall.info,https://www.soundwall.info/produkt/ref-2334-blue-wheels-100mm/,Shop CASES,Ref 2334 Blue Wheels 100mm,,12.00,POA,EUR,Blue,gebraucht,"gebraucht
4er Set
bei Kauf von mehreren Sets bitte Versandpreis anfragen
Setpreis",https://www.soundwall.info/wp-content/uploads/2024/05/Ref-2334-Blue-Wheels.jpg,1,,2,,3,,4,,5,,6,,7
soundwall.info,https://www.soundwall.info/produkt/ref-2332-electro-voice-deltamax-dmc-1122a-controller/,Shop TON,Ref 2332 Electro Voice Deltamax DMC-1122A Controller,,150.00,POA,EUR,Electro,gebraucht,"gebraucht
passend für EV Deltamax DMS 1122 Tops
Stückpreis",https://www.soundwall.info/wp-content/uploads/2024/05/Ref-2332-EV-Deltamax-DMC-1122A-2.jpg,1,https://www.soundwall.info/wp-content/uploads/2024/05/Ref-2332-EV-Deltamax-DMC-1122A-1.jpg,2,,3,,4,,5,,6,,7
soundwall.info,https://www.soundwall.info/produkt/ref-2329-strand-quick-trigger-klammer/,Shop CASES,Ref 2329 Strand Quick Trigger Klammer,,65.00,POA,EUR,Strand,wie Manfrotto C337,"gebraucht, wie Manfrotto C337
mit TV Zapfen
60 kg Last
bei Kauf von mehreren Stk. bitte Versandpreis anfragen
Stückpreis",https://www.soundwall.info/wp-content/uploads/2024/05/Ref-2329-Strand-Quick-Trigger-Klamp.jpg,1,,2,,3,,4,,5,,6,,7
soundwall.info,https://www.soundwall.info/produkt/ref-2328-multiclamp-traversenhaken-200kg/,Shop CASES,Ref 2328 Multiclamp Traversenhaken 200 kg,,7.00,POA,EUR,Multiclamp,gebraucht,"gebraucht
bei Kauf von mehreren Stk. bitte Versandpreis anfragen
Stückpreis",https://www.soundwall.info/wp-content/uploads/2024/05/Ref-2328-Multiclamp-Trusshook.jpg,1,,2,,3,,4,,5,,6,,7
soundwall.info,https://www.soundwall.info/produkt/ref-2327-selflock-traversenhaken-250-kg/,Shop CASES,Ref 2327 Selflock Traversenhaken 250 kg,,20.00,POA,EUR,Selflock,2 Stück gebraucht,"2 Stück gebraucht
Setpreis",https://www.soundwall.info/wp-content/uploads/2024/05/Ref-2327-Selflock-Trusshook.jpg,1,,2,,3,,4,,5,,6,,7
soundwall.info,https://www.soundwall.info/produkt/ref-2321-nexo-hpb10-8r-k-recone-kit-fuer-ps10/,Shop TON,Ref 2321 Nexo HPB10-8R/K Recone Kit für PS10,,130.00,POA,EUR,Nexo,Neuware,"Neuware
Stückpreis",https://www.soundwall.info/wp-content/uploads/2024/04/Ref-2321-Nexo-HPB10-8R-k-2.jpg,1,https://www.soundwall.info/wp-content/uploads/2024/04/Ref-2321-Nexo-HPB10-8R-k-1.jpg,2,,3,,4,,5,,6,,7
soundwall.info,https://www.soundwall.info/produkt/ref-2309-l-acoustics-la15a-4-kanal-endstufe/,Shop TON,Ref 2309 L-acoustics LA15a 4 Kanal Endstufe,,550.00,POA,EUR,L-acoustics,guter Zustand,"gebraucht, guter Zustand
100% in Funktion
Stückpreis",https://www.soundwall.info/wp-content/uploads/2024/03/Ref-2309-L-acoustics-LA15a-2.jpg,1,https://www.soundwall.info/wp-content/uploads/2024/03/Ref-2309-L-acoustics-LA15a-1.jpg,2,,3,,4,,5,,6,,7
soundwall.info,https://www.soundwall.info/produkt/ref-2302-avid-digidesign-iox-karte/,Shop TON,Ref 2302 Avid Digidesign Iox Karte,,599.00,POA,EUR,Avid,guter Zustand,"gebraucht, guter Zustand
8 AES in und out
8 analog in und 8 analog out
passend für Mixrack
Stückpreis",https://www.soundwall.info/wp-content/uploads/2024/02/Ref-2302-Avid-Digidesign-Iox-card.jpg,1,,2,,3,,4,,5,,6,,7
soundwall.info,https://www.soundwall.info/produkt/ref-2288-yamaha-my16-at-karte/,Shop TON,Ref 2288 Yamaha MY16-AT Karte,,350.00,POA,EUR,Yamaha,gebraucht,"gebraucht
Adat Interface für DM / 01V96 / M7CL
Stückpreis",https://www.soundwall.info/wp-content/uploads/2024/01/Ref-2288-Yamaha-MY16-AT-Card.jpg,1,,2,,3,,4,,5,,6,,7
soundwall.info,https://www.soundwall.info/produkt/ref-2286-digidesign-digilink-12-kabel/,Shop CASES,Ref 2286 Digidesign DigiLink 12 Kabel,,45.00,POA,EUR,Digidesign,gebraucht,"gebraucht
Verbindungskabel für Avid Pro Tools-HD-Systeme
Länge: 3,66 m
bei Kauf von mehreren Stk. bitte Versandpreis anfragen
Stückpreis",https://www.soundwall.info/wp-content/uploads/2024/01/Ref-2286-Digidesign-DigiLink-12-Cable.jpg,1,,2,,3,,4,,5,,6,,7
soundwall.info,https://www.soundwall.info/produkt/ref-2284-avid-venue-hdx-tdm-karte/,Shop TON,Ref 2284 Avid Venue HDX TDM Karte,,790.00,POA,EUR,Avid,gebraucht,"gebraucht
64 Kanal Recording und Playback
48 Std. Gebrauchtgarantie
Stückpreis",https://www.soundwall.info/wp-content/uploads/2024/01/Ref-2284-Avid-Venue-HDX-TDM-Card.jpg,1,,2,,3,,4,,5,,6,,7
soundwall.info,https://www.soundwall.info/produkt/ref-2098-eiki-lc-xg300-beamer/,Shop LICHT,Ref 2098 Eiki LC XG300 Beamer,,499.00,POA,EUR,Eiki,sehr guter Zustand,"gebraucht, sehr guter Zustand
292 Lampenstunden
4500 Ansi
Standard Optik
inkl. Case, Fernbedienung
Stückpreis",https://www.soundwall.info/wp-content/uploads/2021/02/Ref-2098-Eiki-LC-XG-Beamer-2.jpg,1,https://www.soundwall.info/wp-content/uploads/2021/02/Ref-2098-Eiki-LC-XG-Beamer-3.jpg,2,https://www.soundwall.info/wp-content/uploads/2021/02/Ref-2098-Eiki-LC-XG-Beamer-4.jpg,3,https://www.soundwall.info/wp-content/uploads/2021/02/Ref-2098-Eiki-LC-XG-Beamer-1.jpg,4,,5,,6,,7
soundwall.info,https://www.soundwall.info/produkt/ref-2097-sanyo-lns-t10-tele-zoom/,Shop LICHT,Ref 2097 Sanyo LNS T10 Tele Zoom,,95.00,POA,EUR,Sanyo,sehr guter Zustand,"sehr guter Zustand
F 2- 2,6
passend für Sanyo XT, Eiki XG, usw.
Stückpreis",https://www.soundwall.info/wp-content/uploads/2021/02/Ref-2097-Sanyo-LNS-T10-Tele-Zoom-1.jpg,1,https://www.soundwall.info/wp-content/uploads/2021/02/Ref-2097-Sanyo-LNS-T10-Tele-Zoom-2.jpg,2,,3,,4,,5,,6,,7
soundwall.info,https://www.soundwall.info/produkt/ref-2031-yamaha-ydg-2030-parametischer-digital-equalizer/,Shop TON,Ref 2031 Yamaha YDG 2030 parametischer digital Equalizer,,150.00,POA,EUR,Yamaha,guter Zustand,"gebraucht – guter Zustand
2 x 30 Band
bei Kauf von mehreren Stück, bitte Versandpreis anfragen
Stückpreis",https://www.soundwall.info/wp-content/uploads/2020/02/Ref-2031-Yamaha-YDG2030-Equalizer-1.jpg,1,https://www.soundwall.info/wp-content/uploads/2020/02/Ref-2031-Yamaha-YDG2030-Equalizer-2.jpg,2,https://www.soundwall.info/wp-content/uploads/2020/02/Ref-2031-Yamaha-YDG2030-Equalizer-3.jpg,3,,4,,5,,6,,7
soundwall.info,https://www.soundwall.info/produkt/ref-2022-kramer-vp727-seamless-switcher-scaler/,Shop LICHT,Ref 2022 Kramer VP727 Seamless Switcher Scaler,,400.00,POA,EUR,Kramer,sehr guter Zustand ( neuwertig ),"sehr guter Zustand ( neuwertig )
8 Inputs alle Signale von Video bis Component HD
Output VGA bis 1080P
Dual Scaler
mit Manual u. Fernbedienung
Stückpreis",https://www.soundwall.info/wp-content/uploads/2020/02/Ref-2022-Kramer-VP727-Switcher-2.jpg,1,https://www.soundwall.info/wp-content/uploads/2020/02/Ref-2022-Kramer-VP727-Switcher-1-1.jpg,2,,3,,4,,5,,6,,7
